course	file	number	title	question	source	score	evidence_kind	best_object	excerpt
信号/CN - 通信与网络	信号/CN - 通信与网络/QUESTIONS.md	Q01	基带、载波传输与数字通信	什么是基带传输和宽带传输？各举一个例子。数字通信有什么优点？	test/2014-一字班推研那点事儿（2）-宗泽宇.pdf	0.522	regular	2014-一字班推研那点事儿（2）-宗泽宇.pdf	1、宽带传输和基带传输的定义 2、两种传输举例 3、数字通信的优点
信号/CN - 通信与网络	信号/CN - 通信与网络/QUESTIONS.md	Q02	语音 PCM、非均匀量化与 DPCM	电话语音为什么常用 $8\ \mathrm{kHz}$ 采样？8 bit PCM 的码率是多少？PCM 是不是均匀量化，为什么使用 A 律或 $\mu$ 律？	test/2013-据说留下面经可以攒人品-戴国浩.pdf	0.375	regular	2013-据说留下面经可以攒人品-戴国浩.pdf	为什么语音信号的传输速率是64kbps？ Nice啊，张彧老师的课上讲过，我说因为是300Hz~3400Hz，看成4KHz的信号，采样率8KHz，然后8b it量化。谷老师接着问：
信号/CN - 通信与网络	信号/CN - 通信与网络/QUESTIONS.md	Q02	语音 PCM、非均匀量化与 DPCM	电话语音为什么常用 $8\ \mathrm{kHz}$ 采样？8 bit PCM 的码率是多少？PCM 是不是均匀量化，为什么使用 A 律或 $\mu$ 律？	test/2014-一字班推研那点事儿（2）-宗泽宇.pdf	0.531	regular	2014-一字班推研那点事儿（2）-宗泽宇.pdf	5、为什么是这个采样率 6、PCM码率 7、PCM是不是均匀量化，为什么
信号/CN - 通信与网络	信号/CN - 通信与网络/QUESTIONS.md	Q02	语音 PCM、非均匀量化与 DPCM	DPCM 与 PCM 有什么区别，各有什么优缺点？	test/2013-据说留下面经可以攒人品-戴国浩.pdf	0.75	regular	2013-据说留下面经可以攒人品-戴国浩.pdf	Nice啊，张彧老师的课上讲过，我说因为是300Hz~3400Hz，看成4KHz的信号，采样率8KHz，然后8b it量化。谷老师接着问： 什么是DPCM？相比于PCM有什么优缺点？
信号/CN - 通信与网络	信号/CN - 通信与网络/QUESTIONS.md	Q03	PSK、QAM 与 FSK 的频谱和能量效率	比较 16QAM、16PSK 和 16FSK 的频谱效率与能量效率。高阶 PSK 和 QAM 应怎样选择？	test/2012-面经_九字班2.pdf	0.522	regular	2012-面经_九字班2.pdf	采样率 9k 时，5k 的信号经过系统，会怎么样？ 【通信与网络】 关于匹配滤波的定义及特性，16QAM、16QPSK、16FSK 的频谱效率和能量效率
信号/CN - 通信与网络	信号/CN - 通信与网络/QUESTIONS.md	Q03	PSK、QAM 与 FSK 的频谱和能量效率	比较 16QAM、16PSK 和 16FSK 的频谱效率与能量效率。高阶 PSK 和 QAM 应怎样选择？	test/2021-八字班推研面经-贾文彬.docx	0.13	regular	2021-八字班推研面经-贾文彬.docx	FM和FSK分别是什么，他们的区别是什么？ ASK、PSK、FSK，如果要你选的话，你会选择哪种调制方式，理由？ 对于4阶以上的PSK和QAM，又怎么选，为什么？
信号/CN - 通信与网络	信号/CN - 通信与网络/QUESTIONS.md	Q04	升余弦成形、滚降系数与频谱效率	16PSK 采用滚降系数 $\alpha=0.5$ 的升余弦成形时，频谱效率是多少？滚降系数增大会产生什么影响？升余弦滤波器怎样近似实现？	test/2012-留下面经，造福众生-孟越.pdf	0.35	regular	2012-留下面经，造福众生-孟越.pdf	居然一直低着头不为难我啊，估计是看我随机过程成绩太可怜了动了恻隐之心吧，总之太感动了！先是张旭东 老师问给一系统，输入输出满足y(t)=x((t-t0)/a)，问这是不是线性时不变系统，没什么难度，果断不是。接着 陈巍老师问16PSK用alpha=0.5的升余弦滚降成形，频谱效率怎么算。哦漂亮又不会，我就blabla一顿扯估计
信号/CN - 通信与网络	信号/CN - 通信与网络/QUESTIONS.md	Q04	升余弦成形、滚降系数与频谱效率	16PSK 采用滚降系数 $\alpha=0.5$ 的升余弦成形时，频谱效率是多少？滚降系数增大会产生什么影响？升余弦滤波器怎样近似实现？	test/2012-面经_九字班1.pdf	0.6	regular	2012-面经_九字班1.pdf	啊，估计是看我随机过程成绩太可怜了动了恻隐之心吧，总之太感动了！先是张旭东老师 问给一系统，输入输出满足 y(t)=x((t-t0)/a)，问这是不是线性时不变系统，没什么难度， 果断不是。接着陈巍老师问 16PSK 用 alpha=0.5 的升余弦滚降成形，频谱效率怎么算。
信号/CN - 通信与网络	信号/CN - 通信与网络/QUESTIONS.md	Q04	升余弦成形、滚降系数与频谱效率	16PSK 采用滚降系数 $\alpha=0.5$ 的升余弦成形时，频谱效率是多少？滚降系数增大会产生什么影响？升余弦滤波器怎样近似实现？	test/2024-一字班推研面经-zcy.docx	0.575	regular	2024-一字班推研面经-zcy.docx	AM和FM中是否会用到匹配滤波？ 21-28是基本概念，就答得比较快，所以这一组问题比较多，估计最后成绩也比较高一些。29是不可实现，因为时域非因果，30是可以先找理想的升余弦滤波器时间序列，再进行时域截断。31,32我当时没想清楚，现在想想可能有点类似吉布斯效应，也可能是想让我答DSP中的频谱泄露等等。33则是滚降系数增大，升余弦滤波器的带宽增大，W=(1+α)Rs/2 34是基本概念，我答的是让滤波器的波形与接收的波形成线性关系。35-37是ggg问的，其实到这一步老师们
信号/CN - 通信与网络	信号/CN - 通信与网络/QUESTIONS.md	Q05	差分编码与码率	差分编码是什么，有什么好处？$100\ \mathrm{bit/s}$ 的等概 0、1 比特流经过差分编码后码率是多少？	test/2013-面试经历小结-黄博.pdf	0.615	regular	2013-面试经历小结-黄博.pdf	什么不利于实现，我就答不出来了。。。然后潘长勇老师问我差分编码是怎么回事，有什么好处。我说能抗噪 声，还能压缩数据量。于是又问我一个100bps的比特流，1和0等概分布，差分编码后的比特率是多少。这特 么的是什么。。。然后谷哥哥老师抬头说我来问一个，冲击响应不变法知道吗？我说知道，但是忘了。。。谷
信号/CN - 通信与网络	信号/CN - 通信与网络/QUESTIONS.md	Q06	分组码、卷积码、码距与译码	什么是分组码和卷积码，它们有什么区别？什么是 Hamming 距离和卷积码的自由距离？卷积码怎样译码？	test/2012-面经_九字班2.pdf	0.483	regular	2012-面经_九字班2.pdf	问 QAM 调制的信息放在什么地方 各种调制方式的比较 分组码和卷积码的区别和应用
信号/CN - 通信与网络	信号/CN - 通信与网络/QUESTIONS.md	Q06	分组码、卷积码、码距与译码	什么是分组码和卷积码，它们有什么区别？什么是 Hamming 距离和卷积码的自由距离？卷积码怎样译码？	test/2018_面试整体情况.docx	0.483	regular	2018_面试整体情况.docx	7、信道编码的目的是什么？ 8、什么是线性分组码？和卷积码有什么差别？ 9、什么样的编码能接近信道容量？什么是信道容量？
信号/CN - 通信与网络	信号/CN - 通信与网络/QUESTIONS.md	Q06	分组码、卷积码、码距与译码	什么是分组码和卷积码，它们有什么区别？什么是 Hamming 距离和卷积码的自由距离？卷积码怎样译码？	test/2021-八字班推研面经-涂晨昕.docx	0.448	regular	2021-八字班推研面经-涂晨昕.docx	杨昉老师： 通信 什么是分组码什么是卷积码？
信号/CN - 通信与网络	信号/CN - 通信与网络/QUESTIONS.md	Q07	Shannon 信道容量与可靠传输	什么是信道容量？写出带宽受限 Gauss 信道的 Shannon 公式，并说明带宽、功率和噪声怎样影响容量。传输速率达到容量时误码率是多少？	test/2017-面试经验-陈誉博.docx	0.261	regular	2017-面试经验-陈誉博.docx	举一个你知道的信道？最大信道容量是多少？ （高斯信道没敢说）对称二进制信道。一个二进制信源，取1的概率为，则信道容量为。（不知道信道容量的表达式对不对，说道一半老师就问下一个问题了） 你觉得用什么样的信源编码方法能够逼近信道容量的最大值？
信号/CN - 通信与网络	信号/CN - 通信与网络/QUESTIONS.md	Q07	Shannon 信道容量与可靠传输	什么是信道容量？写出带宽受限 Gauss 信道的 Shannon 公式，并说明带宽、功率和噪声怎样影响容量。传输速率达到容量时误码率是多少？	test/2018_面试整体情况.docx	0.261	regular	2018_面试整体情况.docx	7、信道编码的目的是什么？ 8、什么是线性分组码？和卷积码有什么差别？ 9、什么样的编码能接近信道容量？什么是信道容量？
信号/CN - 通信与网络	信号/CN - 通信与网络/QUESTIONS.md	Q07	Shannon 信道容量与可靠传输	什么是信道容量？写出带宽受限 Gauss 信道的 Shannon 公式，并说明带宽、功率和噪声怎样影响容量。传输速率达到容量时误码率是多少？	test/2019-推研面经-4.docx	0.109	regular	2019-推研面经-4.docx	推研面试终于告一段落，曾经被复习折磨的死去活来，终于成功上岸，也可以好好总结这次让我惶恐的考试。 信号组 信号组是我最害怕的组，所以抱着早死早超生的心态去排了这个、人最少的屋子。一进去，我看到谷gg，姚峥老师，沈渊老师都在，莫名有一种亲切感。一个不认识的老师开始发问，全部是通信的基础知识，从高斯信道容量开始问起，多址方式，双工方式（手机连接wifi是半双工还是全双工）等等……这些并不只是问它们的概念，而是会问你对这些概念的理解。姚峥老师估计是知道我选修过dsp（可是我真的只有
信号/CN - 通信与网络	信号/CN - 通信与网络/QUESTIONS.md	Q07	Shannon 信道容量与可靠传输	什么是信道容量？写出带宽受限 Gauss 信道的 Shannon 公式，并说明带宽、功率和噪声怎样影响容量。传输速率达到容量时误码率是多少？	test/2020-七字班推研面经-潘美竹.docx	0.348	regular	2020-七字班推研面经-潘美竹.docx	方波进去信道后输出是什么波形 对于带宽为W的带通信号用4W采样会不会出问题 信道容量和什么因素有关（我答带宽和信噪比）？还和什么有关？我们两个人点对点通信速率和什么有关？多个人和一个点进行通信，速率和什么有关？
信号/CN - 通信与网络	信号/CN - 通信与网络/QUESTIONS.md	Q07	Shannon 信道容量与可靠传输	什么是信道容量？写出带宽受限 Gauss 信道的 Shannon 公式，并说明带宽、功率和噪声怎样影响容量。传输速率达到容量时误码率是多少？	test/2023-0字班推研面经-1.pdf	0.087	regular	2023-0字班推研面经-1.pdf	第五个老师（问通网）： 1. 解释一下香农公式（带宽和信噪比 balabala ，这个幸好考前一天背了）？ 2. 介绍一下通信里面的技术？解释一下码分复用的原理（感觉没有完全说明白，只能堆叠
信号/CN - 通信与网络	信号/CN - 通信与网络/QUESTIONS.md	Q07	Shannon 信道容量与可靠传输	什么是信道容量？写出带宽受限 Gauss 信道的 Shannon 公式，并说明带宽、功率和噪声怎样影响容量。传输速率达到容量时误码率是多少？	test/2024-一字班推研面经-李羿璇.pdf	0.174	regular	2024-一字班推研面经-李羿璇.pdf	⽼师都不认识 第⼀个⽼师追着问了 4 分钟我怎么理解信道容量，误码率多⼩就达到信道容量了，之类的（完全不会） 第⼆个⽼师问我 DTFT，DFT，Z 变换的关系，然后⼜问给⼀个信号插⼊ n 个 0，DFT 有什么变化，我答分辨率变⾼，
信号/CN - 通信与网络	信号/CN - 通信与网络/QUESTIONS.md	Q08	超外差接收机与镜像干扰	为什么接收机采用超外差结构？什么是镜像干扰，怎样抑制？	test/2013-面试经历小结-黄博.pdf	0.545	regular	2013-面试经历小结-黄博.pdf	刚复习过，马上抢答：我知道，泊松泊松！欧老师笑了说，我问你能不能视作泊松过程。我想了想说应该是非 其次泊松过程，因为不平稳。这是我在信号组答出的唯一一道题。。。然后孟华东老师问我：为什么要用超外 差结构？我说因为固定中频便于调制，同时能增加系统稳定性，直接频谱搬移不利于实现云云。然后又问我为
信号/CN - 通信与网络	信号/CN - 通信与网络/QUESTIONS.md	Q08	超外差接收机与镜像干扰	为什么接收机采用超外差结构？什么是镜像干扰，怎样抑制？	test/2014-一字班推研那点事儿（2）-宗泽宇.pdf	0.455	regular	2014-一字班推研那点事儿（2）-宗泽宇.pdf	6、什么是时间常数。时间常数是怎么得出的 7、什么是镜像干扰 8、怎么消除镜像干扰
信号/CN - 通信与网络	信号/CN - 通信与网络/QUESTIONS.md	Q08	超外差接收机与镜像干扰	为什么接收机采用超外差结构？什么是镜像干扰，怎样抑制？	test/2019-推研面经-5.docx	0.273	regular	2019-推研面经-5.docx	时序电路中频率受什么影响 接收机灵敏度，可以怎么提高 超外差接收机？？？
信号/CN - 通信与网络	信号/CN - 通信与网络/QUESTIONS.md	Q09	链路预算与通信距离	发射机和接收机已经固定且不能增大发射功率，怎样把通信距离从一公里扩展到十公里？提高天线增益、增加 LNA、滤波器或中继分别改变什么？	test/2013-面试经历小结-黄博.pdf	0.509	regular	2013-面试经历小结-黄博.pdf	波相位模糊的。 差分编码不会导致数据率的变化，所以100bps输入，输出还是100bps。 发射机与接收机都已经焊死（无法改变），不允许增大功率，怎样将通信范围由一公里变为十公里。 A：可以 使用的方法1 增加中继 2、使用更高性能的天线 3、增加低噪声放大器4、使用滤波器滤除带外的干扰
信号/CN - 通信与网络	信号/CN - 通信与网络/QUESTIONS.md	Q10	TCP/IP 分层、TCP 与 UDP	什么是 TCP/IP 协议？MAC 地址属于哪一层？TCP 和 UDP 有什么区别？	test/2013-据说留下面经可以攒人品-戴国浩.pdf	0.5	regular	2013-据说留下面经可以攒人品-戴国浩.pdf	以下是从别的同学那里听到的题目： 什么是TCP/IP协议？什么是MAC地址？ 虚函数和纯虚函数有什么区别？
信号/CN - 通信与网络	信号/CN - 通信与网络/QUESTIONS.md	Q10	TCP/IP 分层、TCP 与 UDP	什么是 TCP/IP 协议？MAC 地址属于哪一层？TCP 和 UDP 有什么区别？	test/2016-推研面试经验分享_胡雨婷.pptx	0.6	regular	2016-推研面试经验分享_胡雨婷.pptx	TCP和UDP有什么区别和联系 七层网络模型 TCP/IP协议
信号/CN - 通信与网络	信号/CN - 通信与网络/QUESTIONS.md	Q10	TCP/IP 分层、TCP 与 UDP	什么是 TCP/IP 协议？MAC 地址属于哪一层？TCP 和 UDP 有什么区别？	test/2019-推研面经-4.docx	0.25	regular	2019-推研面经-4.docx	信号组出来后，就开始了电路组的面试，当然我也是抱着电路自己什么也不会的心态。张沕琳老师很友好，首先问我BJT和MOSFET的各个端口的意思，跨导增益，如何增大跨导增益……接着问我NPN-BJT的两个N可不可以互换，MOS的两个N可不可以互换，一个MOS有几个PN结。接着徐淑正老师开始问我混频电路，虽然我上过通信电路实验，还做了混频这个模块，然而我真的是什么都不懂，徐老师人真的太好了，一点点从发射机到接收机引导我去回答，虽然我最终还是不知道混频电路哈哈。 计算机组 周盛老师首先
信号/CN - 通信与网络	信号/CN - 通信与网络/QUESTIONS.md	Q10	TCP/IP 分层、TCP 与 UDP	什么是 TCP/IP 协议？MAC 地址属于哪一层？TCP 和 UDP 有什么区别？	test/2025-二字班推研面经-wj.pdf	0.45	regular	2025-二字班推研面经-wj.pdf	不认识老师 5 ：了解过 TCP 和 UDP 协议吗？ 我：了解一点 …… 不认识老师 5 ：说说它们有什么区别？
信号/CN - 通信与网络	信号/CN - 通信与网络/QUESTIONS.md	Q11	网络差错、交换机与路由器转发	计算机网络传输数据会不会出现差错，为什么？交换机和路由器可能出现差错吗？	test/2020-七字班推研面经-潘美竹.docx	0.897	regular	2020-七字班推研面经-潘美竹.docx	有什么传输协议（TCP、UDP） 计算机网络中，传输数据可能出现差错吗？为什么？ 交换机和路由器可能出现差错吗？
信号/CN - 通信与网络	信号/CN - 通信与网络/QUESTIONS.md	Q12	电路交换与分组交换	电路交换和分组交换有什么区别，各有什么优缺点？	test/2014-记一次人品大爆发-郭开元.pdf	0.882	regular	2014-记一次人品大爆发-郭开元.pdf	第三个去了计算机组。进去之前就听说这组很怪，净问和计算机关系不大的事情，比如网络啥的。我没上过计 算机网络基础，所以已经准备好了一听到TCP/IP之类的字眼就说没学过。 1.电路交换和分组交换有什么区别，各有什么优劣势？（这还真不能说没学过，通信与网络还真讲了……硬着
信号/CN - 通信与网络	信号/CN - 通信与网络/QUESTIONS.md	Q13	眼图及其指标	什么是眼图？眼睛张开的大小和幅度分别代表什么？眼图闭合说明什么，怎样改善？	test/2012-面经_九字班2.pdf	0.483	regular	2012-面经_九字班2.pdf	[PAGE 4] 电子系推研面试参考资料 3 九字班面经分类整理 By Waiter  For W22 W23 W24 眼图的作用？眼睛张开大小代表什么？眼睛张开幅度代表什么？
信号/CN - 通信与网络	信号/CN - 通信与网络/QUESTIONS.md	Q13	眼图及其指标	什么是眼图？眼睛张开的大小和幅度分别代表什么？眼图闭合说明什么，怎样改善？	test/2025-二字班推研面经-ljh.docx	0.241	regular	2025-二字班推研面经-ljh.docx	plr老师：问我机器学习有哪些分类，我说无监督学习和有监督学习，又问了有哪些无监督学习，之后我说了K-means和特征降维，然后她说这是传统算法，问我深度学习里有哪些无监督，我说了GPT的生成式预训练，但是貌似解释这个的时候有点解释错了，最后就到时间了 4.电磁场和固体物理组 不认识老师：什么是格波？长波极限的声学波代表什么？光学波和声学波是什么关系？德拜理论是为了研究晶体的什么性质？他随温度怎么变化？
信号/CN - 通信与网络	信号/CN - 通信与网络/QUESTIONS.md	Q14	GPS 捕获、跟踪、噪声与多径	GPS 捕获与跟踪大致是什么过程？GPS 与地面通信有什么不同？怎样提高接收灵敏度并抑制多径？噪声和干扰有什么区别？	test/2021-八字班推研面经-涂晨昕.docx	0.698	regular	2021-八字班推研面经-涂晨昕.docx	GPS捕获与跟踪大概有什么过程？ GPS接收机的灵敏度？ GPS接收机有加噪声吗，加了多少？
信号/CN - 通信与网络	信号/CN - 通信与网络/QUESTIONS.md	Q15	PLL 的结构、锁定与用途	PLL 的定义、结构和工作原理是什么？锁定后输入与输出相位是什么关系，有哪些用途？	test/2014-一字班推研那点事儿（2）-宗泽宇.pdf	0.452	regular	2014-一字班推研那点事儿（2）-宗泽宇.pdf	11、PLL原理 12、PLL用法 13、PLL输入输出相位关系
信号/CN - 通信与网络	信号/CN - 通信与网络/QUESTIONS.md	Q16	FM、FSK、FDM 与 OFDM	FM、FSK、FDM 和 OFDM 分别是什么？FM 与 FSK 有什么区别？4FSK 和 4FDM 等价吗？	test/2021-八字班推研面经-贾文彬.docx	0.45	regular	2021-八字班推研面经-贾文彬.docx	Introduce yourself in English. You can talk about anything about yourself. 信号组 FM和FSK分别是什么，他们的区别是什么？
信号/CN - 通信与网络	信号/CN - 通信与网络/QUESTIONS.md	Q16	FM、FSK、FDM 与 OFDM	FM、FSK、FDM 和 OFDM 分别是什么？FM 与 FSK 有什么区别？4FSK 和 4FDM 等价吗？	test/2022-九字班九字班推研面经-2.docx	0.2	regular	2022-九字班九字班推研面经-2.docx	其次固物：一个原子有能隙和能级吗？简述一下金属和半导体的区别？费米能级是什么？温度升高的时候两者电阻怎么变化？为什么？ 最后好像是主考官问的：讲讲你的SRT项目？这玩意正中下怀，我直接讲了接近3min，讲到面试结束为止hhh 总结与吐槽：每门课都不会问太多的问题，基本都是稍稍追问一下就没了。能扯就扯，特别是自己熟悉的领域。
信号/CN - 通信与网络	信号/CN - 通信与网络/QUESTIONS.md	Q16	FM、FSK、FDM 与 OFDM	FM、FSK、FDM 和 OFDM 分别是什么？FM 与 FSK 有什么区别？4FSK 和 4FDM 等价吗？	test/2022面试问题_sy.docx	0.6	regular	2022面试问题_sy.docx	解释电子、光子、声子的区别？电子跃迁发射光子时满足什么守恒 FM，FSK，FDM分别是什么 4FSK和4FDM等价吗
信号/CN - 通信与网络	信号/CN - 通信与网络/QUESTIONS.md	Q17	为什么需要调制	传输信息时为什么要调制？	test/2022-九字班推研面经-1.docx	0.7	regular	2022-九字班推研面经-1.docx	ggg就问了一个问题：能否从系统的角度分析一下ADC采样率和bit数的折衷？（简历相关，我一开始一头雾水，后来想了想就解释了一下Warden FoM） sjs真的是好人啊（赞叹）：为什么要重载运算符？为什么有些运算符不能重载？128人打淘汰赛，一共要多少场比赛才能决出冠军？ 最后一个老师：我们在传输信息的时候为什么要进行调制？
信号/CN - 通信与网络	信号/CN - 通信与网络/QUESTIONS.md	Q18	OFDM、CSI 反馈与 MIMO 天线	OFDM 有什么缺点，怎样改善？为什么零频子载波通常不承载信息？CSI feedback 是什么、有什么用？MIMO 天线之间要满足什么条件？	test/2022推研面经-wcyh.docx	0.641	regular	2022推研面经-wcyh.docx	OFDM的缺点是什么？怎么改善？ OFDM零频（直流）子载波为什么往往不承载信息？ MIMO的天线之间要满足什么？
信号/CN - 通信与网络	信号/CN - 通信与网络/QUESTIONS.md	Q19	码分多址与扩频	码分复用的原理是什么？	test/2023-0字班推研面经-1.pdf	0.778	regular	2023-0字班推研面经-1.pdf	第五个老师（问通网）： 1. 解释一下香农公式（带宽和信噪比 balabala ，这个幸好考前一天背了）？ 2. 介绍一下通信里面的技术？解释一下码分复用的原理（感觉没有完全说明白，只能堆叠
信号/CN - 通信与网络	信号/CN - 通信与网络/QUESTIONS.md	Q20	噪声抑制与主动降噪	噪声能不能消除，怎样抑制？主动降噪耳机是什么原理？	test/2020-七字班推研面经-荆峥.pdf	0.286	regular	2020-七字班推研面经-荆峥.pdf	七字班面试经历 荆峥  在2020年推免中，我计划交叉至外系读博，电子系对于校内交叉的同学基本不设限制，对于外推到外校的同学可能会存在名额限制，现在还不确定七字班的外推情况如何，往年外推基本都可以满足。 博士比较关键的是联系导师，如果导师有固定名额且确定招收你的话，面试的要求就没有那么高，但电子系读博要求面试成绩（非GPA）必须在前80%，还是要好好准备，但压力会小很多；外系交叉其实是类似的，如果拿到了博士固定名额对于面试成绩没有特别高的要求，但仍要认真准备，尤其是外系专业课
信号/CN - 通信与网络	信号/CN - 通信与网络/QUESTIONS.md	Q20	噪声抑制与主动降噪	噪声能不能消除，怎样抑制？主动降噪耳机是什么原理？	test/2022-九字班九字班推研面经-2.docx	0.524	regular	2022-九字班九字班推研面经-2.docx	专业面试： 首先电磁场：简述一下Maxwell方程和其意义？  Maxwell方程能够推出本构关系吗？ (本构关系要么没讲要么忘了 只能乱说了) 忘记了一个问题，等着补 其次通信：讲一下FM,FSK,OFDM的方法？噪声可以消除吗？可以抑制吗？如何抑制？降噪耳机是什么原理？最大似然和最大后验的区别？
信号/CN - 通信与网络	信号/CN - 通信与网络/QUESTIONS.md	Q21	重复传输与合并增益	同一信号经 Gauss 信道传两次，分别收到 $y_1$、$y_2$，两次信噪比均为 $10\ \mathrm{dB}$；直接相加后信噪比会不会提高，提高多少？信道容量会不会改变？	test/2019-推研面经-1.docx	0.2	regular	2019-推研面经-1.docx	两个方差为1的高斯分布，他们的和的方差的最大值最小值，什么时候取最小值 降噪耳机的原理 给一个信号X，第一次收得Y1，信噪比10dB；重发X，第二次收得Y2，信噪比10dB。问这种策略信噪比是否提升？提升多少？信道容量是否变？为什么？信道容量（高斯）公式，引导信噪比变没变，所以信道容量变没变？
信号/CN - 通信与网络	信号/CN - 通信与网络/QUESTIONS.md	Q21	重复传输与合并增益	同一信号经 Gauss 信道传两次，分别收到 $y_1$、$y_2$，两次信噪比均为 $10\ \mathrm{dB}$；直接相加后信噪比会不会提高，提高多少？信道容量会不会改变？	test/2021-八字班推研面经-贾文彬.docx	0.2	regular	2021-八字班推研面经-贾文彬.docx	对于4阶以上的PSK和QAM，又怎么选，为什么？ 不相关和独立的定义是什么？在什么情况下可以互相转化？ 一个GC信道，进行两次传输，分别接收到y1和y2，将y1+y2作为接收，接收信噪比有提高吗？为什么？
信号/CN - 通信与网络	信号/CN - 通信与网络/QUESTIONS.md	Q22	CSMA/CD 与 CSMA/CA	CSMA 的全称是什么？CSMA/CD 和 CSMA/CA 分别是什么？	test/2022面试问题_sy.docx	0.917	regular	2022面试问题_sy.docx	对于功率受限的系统，AM还有另外几个调制方式（我没听清楚）你选择哪一种？ 相速度和群速度的区别？ CSMA全称是什么？CSMA/CD和/CSMA/CA分别是？
信号/CN - 通信与网络	信号/CN - 通信与网络/QUESTIONS.md	Q23	增量调制及其失真	为什么使用增量调制，它有什么意义？	test/2013-趁没忘记题目-谷梦媛.pdf	0.615	regular	2013-趁没忘记题目-谷梦媛.pdf	4 非线性系统的输出响应怎么求？ 5 概率论与随机过程，相等和依概率一相等一样么？（我答一样，然后他就不搭理我了呵呵） 6 为啥要用增量调制？有什么意义么？
信号/CN - 通信与网络	信号/CN - 通信与网络/QUESTIONS.md	Q24	TCP 滑动窗口与拥塞控制	TCP 的滑动窗口是什么？它与流量控制、拥塞控制有什么关系？加性增、乘性减是什么意思？	test/2019-推研面经-4.docx	0.333	regular	2019-推研面经-4.docx	信号组出来后，就开始了电路组的面试，当然我也是抱着电路自己什么也不会的心态。张沕琳老师很友好，首先问我BJT和MOSFET的各个端口的意思，跨导增益，如何增大跨导增益……接着问我NPN-BJT的两个N可不可以互换，MOS的两个N可不可以互换，一个MOS有几个PN结。接着徐淑正老师开始问我混频电路，虽然我上过通信电路实验，还做了混频这个模块，然而我真的是什么都不懂，徐老师人真的太好了，一点点从发射机到接收机引导我去回答，虽然我最终还是不知道混频电路哈哈。 计算机组 周盛老师首先
信号/CN - 通信与网络	信号/CN - 通信与网络/QUESTIONS.md	Q24	TCP 滑动窗口与拥塞控制	TCP 的滑动窗口是什么？它与流量控制、拥塞控制有什么关系？加性增、乘性减是什么意思？	test/2025-二字班推研面经-wj.pdf	0.433	regular	2025-二字班推研面经-wj.pdf	不认识老师 5 ：还有吗？ 我：不知道，对不起老师 …… （这东西群友讲过很多，但是我实在没时间复习了） 不认识老师 5 ： TCP 的滑动窗口了解过吗？（试图循循善诱我说 TCP 的拥塞控制）
信号/CN - 通信与网络	信号/CN - 通信与网络/QUESTIONS.md	Q25	接收机带通滤波器	接收机带通滤波器有什么作用？	test/2024-一字班推研面经-lym.pdf	0.833	regular	2024-一字班推研面经-lym.pdf	门函数和阶跃函数的傅里叶变换 傅里叶变换求导 接收机带通滤波器的作用
信号/CN - 通信与网络	信号/CN - 通信与网络/QUESTIONS.md	Q26	多址方式与空分实现	多个用户接入叫什么，有哪些多址方式？空分多址有哪些实现方法？	test/2012-面经_九字班2.pdf	0.478	regular	2012-面经_九字班2.pdf	如果我有一个频率为 3M 的正弦波，我想得到频率为 1M 的正弦波，应该怎么办？ 混频器应用 画出单边带调幅的两种实现方法框图，并说明原理
信号/CN - 通信与网络	信号/CN - 通信与网络/QUESTIONS.md	Q26	多址方式与空分实现	多个用户接入叫什么，有哪些多址方式？空分多址有哪些实现方法？	test/2024-一字班推研面经-吴凌沨.pdf	0.522	regular	2024-一字班推研面经-吴凌沨.pdf	2. ？？？（过于难以⾄于听不懂在问什么，疑似是随机过程，还让我画图） 3. ⼀个等腰梯形脉冲怎么计算傅⽴叶变换？ 4. 多个⽤户接⼊叫什么？有哪些多址⽅式？空分有哪些⽅法实现？
信号/CN - 通信与网络	信号/CN - 通信与网络/QUESTIONS.md	Q27	匹配滤波与相关接收	什么是匹配滤波器？为什么它能提高检测性能？能不能用 FFT 实现匹配滤波？	test/2012-面经_九字班2.pdf	0.56	regular	2012-面经_九字班2.pdf	少？若采用 QPSK 调制，波特率是多少？ 匹配滤波器的意义是什么？为什么能实现信噪比最小？ 什么是数字系统什么是模拟系统，二者的优缺点
信号/DS - 数字信号处理	信号/DS - 数字信号处理/QUESTIONS.md	Q01	Nyquist 采样、混叠与数字频率	采样频率恰好等于最高频率两倍会怎样？最高频率为 $f_m$ 的信号用 $5f_m$ 采样时数字域最高角频率是多少？$5\ \mathrm{kHz}$ 正弦用 $9\ \mathrm{kHz}$ 采样后看起来是多少？	test/2012-面经_九字班2.pdf	0.45	regular	2012-面经_九字班2.pdf	李冬梅老师：放大器的截止频率是什么？它是由什么造成的？如果放大器的上限频率是 1MHz, 那么如果输入一个2MHz 的正弦波，输出的波形是什么样的，波形会失真么？如果输 入一个带宽为 2MHz 的信号，里面含有各种频率分量，那么输出的波形会失真么？
信号/DS - 数字信号处理	信号/DS - 数字信号处理/QUESTIONS.md	Q02	DTFT、DFT、FFT 与 $z$ 变换	DTFT、DFT 和 $z$ 变换有什么关系？DFT 的意义是什么？FFT 怎样减少计算量？	test/2012-面经_九字班2.pdf	0.591	regular	2012-面经_九字班2.pdf	微波实验中，信号源出来为什么要有一个隔离器？换成环形器行不行，怎么接? 现在有一个天线，你设计一下测天线方向图的方法 微波带通滤波器的 S 参数矩阵是多少？S11,S21 各自的意义是什么?
信号/DS - 数字信号处理	信号/DS - 数字信号处理/QUESTIONS.md	Q02	DTFT、DFT、FFT 与 $z$ 变换	DTFT、DFT 和 $z$ 变换有什么关系？DFT 的意义是什么？FFT 怎样减少计算量？	test/2024-一字班推研面经-李羿璇.pdf	0.409	regular	2024-一字班推研面经-李羿璇.pdf	⽼师都不认识 第⼀个⽼师追着问了 4 分钟我怎么理解信道容量，误码率多⼩就达到信道容量了，之类的（完全不会） 第⼆个⽼师问我 DTFT，DFT，Z 变换的关系，然后⼜问给⼀个信号插⼊ n 个 0，DFT 有什么变化，我答分辨率变⾼，
信号/DS - 数字信号处理	信号/DS - 数字信号处理/QUESTIONS.md	Q02	DTFT、DFT、FFT 与 $z$ 变换	DTFT、DFT 和 $z$ 变换有什么关系？DFT 的意义是什么？FFT 怎样减少计算量？	test/2025-二字班推研面经-ljh.docx	0.318	regular	2025-二字班推研面经-ljh.docx	plr老师：问我机器学习有哪些分类，我说无监督学习和有监督学习，又问了有哪些无监督学习，之后我说了K-means和特征降维，然后她说这是传统算法，问我深度学习里有哪些无监督，我说了GPT的生成式预训练，但是貌似解释这个的时候有点解释错了，最后就到时间了 4.电磁场和固体物理组 不认识老师：什么是格波？长波极限的声学波代表什么？光学波和声学波是什么关系？德拜理论是为了研究晶体的什么性质？他随温度怎么变化？
信号/DS - 数字信号处理	信号/DS - 数字信号处理/QUESTIONS.md	Q03	冲激响应不变法与双线性变换	怎样由模拟滤波器设计 IIR 数字滤波器？冲激响应不变法和双线性变换各有什么特点？	test/2019-推研面经-4.docx	0.469	regular	2019-推研面经-4.docx	推研面试终于告一段落，曾经被复习折磨的死去活来，终于成功上岸，也可以好好总结这次让我惶恐的考试。 信号组 信号组是我最害怕的组，所以抱着早死早超生的心态去排了这个、人最少的屋子。一进去，我看到谷gg，姚峥老师，沈渊老师都在，莫名有一种亲切感。一个不认识的老师开始发问，全部是通信的基础知识，从高斯信道容量开始问起，多址方式，双工方式（手机连接wifi是半双工还是全双工）等等……这些并不只是问它们的概念，而是会问你对这些概念的理解。姚峥老师估计是知道我选修过dsp（可是我真的只有
信号/DS - 数字信号处理	信号/DS - 数字信号处理/QUESTIONS.md	Q04	从 996 到 997 的有理采样率转换	原来采样 1000 个点，采样率改变后要把 996 个样本变为 997 个样本，怎样实现？	test/2025-二字班推研面经-ljh.docx	0.28	regular	2025-二字班推研面经-ljh.docx	zzr：假如所有学生的成绩分布是i.i.d，你比你前面两个面试的学生分数高的概率是多少？这时候我已经有点慌了，就胡乱答了个1/4，也怪我概随复习不充分，没有想到应该是顺序统计量 然后zh老师还循循善诱了一番，可惜也没点醒我，他问我我的成绩大于A大于B的概率是多少，结果我只回答上了三个人排序有六种方案（ 不认识老师：那我问你dsp，如果我们采样1000个点，但是现在我的采样频率改变了delta，采样点变成996，997怎么办？（我也不知道咋办，答了个上采样下采样就到时间了）
信号/DS - 数字信号处理	信号/DS - 数字信号处理/QUESTIONS.md	Q04	从 996 到 997 的有理采样率转换	怎样实现 $3/4$ 倍采样率变换？	test/2020-七字班推研面经-潘美竹.docx	0.222	regular	2020-七字班推研面经-潘美竹.docx	信号与系统里描述抽样频率的叫什么？ 如果离散信号两点之间插一个零，那么它的频谱长什么样子？ 如何完成3/4采样？
信号/DS - 数字信号处理	信号/DS - 数字信号处理/QUESTIONS.md	Q05	FIR、IIR、线性相位与窗函数	数字滤波器有哪两类实现？FIR 和 IIR 有什么区别？广义线性相位与严格线性相位有什么区别，冲激响应满足什么条件？窗函数主瓣和旁瓣怎样影响 FIR 设计？	test/2025-二字班推研面经-wj.pdf	0.654	regular	2025-二字班推研面经-wj.pdf	姚铮：那广义线性相位系统的时域应该满足什么条件？ 我：它的冲激响应应该关于它的中心对称或反对称。 姚铮：设计 FIR 滤波器时，我们一般会用窗函数法，各种窗函数有什么区别啊？
信号/DS - 数字信号处理	信号/DS - 数字信号处理/QUESTIONS.md	Q06	频谱泄露与窗函数	什么是泄露效应？	test/2021-八字班推研面经-贾文彬.docx	1.0	regular	2021-八字班推研面经-贾文彬.docx	不相关和独立的定义是什么？在什么情况下可以互相转化？ 一个GC信道，进行两次传输，分别接收到y1和y2，将y1+y2作为接收，接收信噪比有提高吗？为什么？ 知道什么是泄露效应吗？说一下
信号/DS - 数字信号处理	信号/DS - 数字信号处理/QUESTIONS.md	Q07	插入零后 DFT 怎样变化	给一个离散信号插入 $n$ 个 0，DFT 有什么变化？	test/2024-一字班推研面经-李羿璇.pdf	0.533	regular	2024-一字班推研面经-李羿璇.pdf	⽼师都不认识 第⼀个⽼师追着问了 4 分钟我怎么理解信道容量，误码率多⼩就达到信道容量了，之类的（完全不会） 第⼆个⽼师问我 DTFT，DFT，Z 变换的关系，然后⼜问给⼀个信号插⼊ n 个 0，DFT 有什么变化，我答分辨率变⾼，
信号/DS - 数字信号处理	信号/DS - 数字信号处理/QUESTIONS.md	Q07	插入零后 DFT 怎样变化	在离散信号每两个样本之间插入一个零，频谱怎样变化？	test/2020-七字班推研面经-潘美竹.docx	0.455	regular	2020-七字班推研面经-潘美竹.docx	抽样频率要多少才够？ 信号与系统里描述抽样频率的叫什么？ 如果离散信号两点之间插一个零，那么它的频谱长什么样子？
信号/DS - 数字信号处理	信号/DS - 数字信号处理/QUESTIONS.md	Q08	带通采样定理	什么是带通采样定理？采样率较低时怎样无失真采样高频窄带信号？	test/2018_面试整体情况.docx	0.56	regular	2018_面试整体情况.docx	12、（拿一张电路图出来）分析电路的基本功能（一般就是简单的低通、高通、带通、带阻电路） 二、信号组 1、说一下奈奎斯特采样定理吧。如果我现在的采样率比较低，但是还想无失真地采样一段高频信号，你有什么方法？（后来想起答案可能是带通采样）
信号/DS - 数字信号处理	信号/DS - 数字信号处理/QUESTIONS.md	Q08	带通采样定理	什么是带通采样定理？采样率较低时怎样无失真采样高频窄带信号？	test/2024-一字班推研面经_高希钢.docx	0.4	regular	2024-一字班推研面经_高希钢.docx	不认识老师3：知道奈奎斯特采样吗？ 采样率必须至少是信号最高频率分量的2倍 不认识老师3：那知道带通采样定理吗？
信号/DS - 数字信号处理	信号/DS - 数字信号处理/QUESTIONS.md	Q09	主动降噪与自适应滤波	噪声怎样抑制？主动降噪耳机是什么原理？	test/2020-七字班推研面经-荆峥.pdf	0.312	regular	2020-七字班推研面经-荆峥.pdf	七字班面试经历 荆峥  在2020年推免中，我计划交叉至外系读博，电子系对于校内交叉的同学基本不设限制，对于外推到外校的同学可能会存在名额限制，现在还不确定七字班的外推情况如何，往年外推基本都可以满足。 博士比较关键的是联系导师，如果导师有固定名额且确定招收你的话，面试的要求就没有那么高，但电子系读博要求面试成绩（非GPA）必须在前80%，还是要好好准备，但压力会小很多；外系交叉其实是类似的，如果拿到了博士固定名额对于面试成绩没有特别高的要求，但仍要认真准备，尤其是外系专业课
信号/DS - 数字信号处理	信号/DS - 数字信号处理/QUESTIONS.md	Q09	主动降噪与自适应滤波	噪声怎样抑制？主动降噪耳机是什么原理？	test/2022-九字班九字班推研面经-2.docx	0.625	regular	2022-九字班九字班推研面经-2.docx	专业面试： 首先电磁场：简述一下Maxwell方程和其意义？  Maxwell方程能够推出本构关系吗？ (本构关系要么没讲要么忘了 只能乱说了) 忘记了一个问题，等着补 其次通信：讲一下FM,FSK,OFDM的方法？噪声可以消除吗？可以抑制吗？如何抑制？降噪耳机是什么原理？最大似然和最大后验的区别？
信号/DS - 数字信号处理	信号/DS - 数字信号处理/QUESTIONS.md	Q10	升余弦滤波器的近似实现	理想升余弦滤波器能否实现？怎样近似实现？时域截断后会发生什么？滚降系数增大有什么影响？	test/2024-一字班推研面经-zcy.docx	0.694	regular	2024-一字班推研面经-zcy.docx	知道升余弦滤波器吧？升余弦滤波器可以实现吗？为什么？ 那我们怎么近似实现升余弦滤波器？ 时域截断之后会发生什么？有什么直观的影响？
信号/PS - 统计信号处理基础	信号/PS - 统计信号处理基础/QUESTIONS.md	Q01	条件概率、先验概率、后验概率与 Bayes 公式	什么是先验概率、后验概率和条件概率？	test/2018_面试整体情况.docx	0.75	regular	2018_面试整体情况.docx	四、计算机组 1、虚函数 2、什么是先验概率？什么是后验概率？什么是条件概率？
信号/PS - 统计信号处理基础	信号/PS - 统计信号处理基础/QUESTIONS.md	Q01	条件概率、先验概率、后验概率与 Bayes 公式	说明 Bayes 公式。	test/2019-推研面经-1.docx	0.25	regular	2019-推研面经-1.docx	两个方差为1的高斯分布，他们的和的方差的最大值最小值，什么时候取最小值 降噪耳机的原理 给一个信号X，第一次收得Y1，信噪比10dB；重发X，第二次收得Y2，信噪比10dB。问这种策略信噪比是否提升？提升多少？信道容量是否变？为什么？信道容量（高斯）公式，引导信噪比变没变，所以信道容量变没变？
信号/PS - 统计信号处理基础	信号/PS - 统计信号处理基础/QUESTIONS.md	Q01	条件概率、先验概率、后验概率与 Bayes 公式	说明 Bayes 公式。	test/2020-七字班推研面经-2.docx	0.25	regular	2020-七字班推研面经-2.docx	自我介绍；英语组，提问为什么选择工商管理作为双学位，以及这个暑假干嘛去了（实习相关内容）； 电路相关：比如正弦波如何得到方波，方波如何得到（二倍频的）正弦波，奇数个反相器相连得到什么？周期和什么相关？ 数电/信号：如数字调制概念，减小噪声的原理等等；随后提问贝叶斯公式，最大似然，最大后验，哪种是无偏估计等，这时候ggg突然提问：如果我打开门看到一个东西长得很像狮子，但是我知道它不是狮子，而是一条狮子狗（？），这时候属于最大后验概率还是最大似然概率，我犹豫了会说最大后验，然后g
信号/PS - 统计信号处理基础	信号/PS - 统计信号处理基础/QUESTIONS.md	Q02	最大似然、最大后验与无偏性	什么是最大似然和最大后验？哪种是无偏估计？打开门看到一个东西长得很像狮子，但已知它不是狮子而是狮子狗，这里用到了哪一种信息？	test/2020-七字班推研面经-2.docx	0.692	regular	2020-七字班推研面经-2.docx	自我介绍；英语组，提问为什么选择工商管理作为双学位，以及这个暑假干嘛去了（实习相关内容）； 电路相关：比如正弦波如何得到方波，方波如何得到（二倍频的）正弦波，奇数个反相器相连得到什么？周期和什么相关？ 数电/信号：如数字调制概念，减小噪声的原理等等；随后提问贝叶斯公式，最大似然，最大后验，哪种是无偏估计等，这时候ggg突然提问：如果我打开门看到一个东西长得很像狮子，但是我知道它不是狮子，而是一条狮子狗（？），这时候属于最大后验概率还是最大似然概率，我犹豫了会说最大后验，然后g
信号/PS - 统计信号处理基础	信号/PS - 统计信号处理基础/QUESTIONS.md	Q02	最大似然、最大后验与无偏性	最大似然和最大后验有什么区别？	test/2022-九字班九字班推研面经-2.docx	0.75	regular	2022-九字班九字班推研面经-2.docx	专业面试： 首先电磁场：简述一下Maxwell方程和其意义？  Maxwell方程能够推出本构关系吗？ (本构关系要么没讲要么忘了 只能乱说了) 忘记了一个问题，等着补 其次通信：讲一下FM,FSK,OFDM的方法？噪声可以消除吗？可以抑制吗？如何抑制？降噪耳机是什么原理？最大似然和最大后验的区别？
信号/PS - 统计信号处理基础	信号/PS - 统计信号处理基础/QUESTIONS.md	Q03	重复传输、线性合并与信噪比增益	同一信号经 Gauss 信道传两次，分别收到 $y_1$、$y_2$，两次信噪比均为 $10\ \mathrm{dB}$；直接相加后信噪比会不会提高，提高多少？信道容量会不会改变？	test/2019-推研面经-1.docx	0.2	regular	2019-推研面经-1.docx	两个方差为1的高斯分布，他们的和的方差的最大值最小值，什么时候取最小值 降噪耳机的原理 给一个信号X，第一次收得Y1，信噪比10dB；重发X，第二次收得Y2，信噪比10dB。问这种策略信噪比是否提升？提升多少？信道容量是否变？为什么？信道容量（高斯）公式，引导信噪比变没变，所以信道容量变没变？
信号/PS - 统计信号处理基础	信号/PS - 统计信号处理基础/QUESTIONS.md	Q03	重复传输、线性合并与信噪比增益	同一信号经 Gauss 信道传两次，分别收到 $y_1$、$y_2$，两次信噪比均为 $10\ \mathrm{dB}$；直接相加后信噪比会不会提高，提高多少？信道容量会不会改变？	test/2021-八字班推研面经-贾文彬.docx	0.2	regular	2021-八字班推研面经-贾文彬.docx	对于4阶以上的PSK和QAM，又怎么选，为什么？ 不相关和独立的定义是什么？在什么情况下可以互相转化？ 一个GC信道，进行两次传输，分别接收到y1和y2，将y1+y2作为接收，接收信噪比有提高吗？为什么？
信号/PS - 统计信号处理基础	信号/PS - 统计信号处理基础/QUESTIONS.md	Q04	匹配滤波器与 FFT 实现	什么是匹配滤波器？为什么它能提高检测性能？能不能用 FFT 实现匹配滤波？	test/2012-面经_九字班2.pdf	0.56	regular	2012-面经_九字班2.pdf	少？若采用 QPSK 调制，波特率是多少？ 匹配滤波器的意义是什么？为什么能实现信噪比最小？ 什么是数字系统什么是模拟系统，二者的优缺点
信号/PS - 统计信号处理基础	信号/PS - 统计信号处理基础/QUESTIONS.md	Q05	Neyman–Pearson 准则	统计信号处理中的 Neyman–Pearson 准则是什么？	test/2023-0字班推研面经-李响.pdf	0.769	regular	2023-0字班推研面经-李响.pdf	简历强相关！！！ 英语自我介绍，英语问答 4 分钟，具体问的什么已经忘了，不是很难，会针对自我介绍提问。 1. 统计信号处理里的 NP 准则是什么？
信号/PS - 统计信号处理基础	信号/PS - 统计信号处理基础/QUESTIONS.md	Q06	二维噪声与 Wiener 滤波	二维图像加入取值为 $-1$、$1$ 的噪声，能不能用 Wiener 滤波？	test/2024-一字班推研面经-高思研.pdf	0.667	regular	2024-一字班推研面经-高思研.pdf	师问我信号的特征函数是什么，我当时脑子一抽说了冲激响应，过了一会才说出是  exp(jwt) 。又有个老 师问我滤波的类型，我提到了低通高通带通和匹配滤波，然后不知道为啥扯到了维纳滤波，又提到了卡 尔曼滤波（统计信号处理）。最后  ggg 问二维图像加入  -1 ， 1 这样的噪声能不能用维纳滤波，然后时间
信号/SS - 信号与系统	信号/SS - 信号与系统/QUESTIONS.md	Q01	线性、时不变与因果性	什么是线性时不变系统？线性和时不变分别是什么意思？LTI 系统一定因果吗？请举反例。	test/2021-八字班推研面经-涂晨昕.docx	0.483	regular	2021-八字班推研面经-涂晨昕.docx	什么是LTI系统——线性、时不变各解释一下 什么是因果系统—— LTI系统是不是因果系统？举个反例？
信号/SS - 信号与系统	信号/SS - 信号与系统/QUESTIONS.md	Q01	线性、时不变与因果性	什么是线性时不变系统？线性和时不变分别是什么意思？LTI 系统一定因果吗？请举反例。	test/2024-一字班推研面经-zcy.docx	0.552	regular	2024-一字班推研面经-zcy.docx	我的信号组也可以说是比较正常，听说有同学上来被lym、wj、yz的DSP三人组问有没有学过DSP，还有同学上来被问什么是5G之花...我的问题主要有如下几个： 什么是线性时不变系统？ 线性时不变系统可以用什么来表征？
信号/SS - 信号与系统	信号/SS - 信号与系统/QUESTIONS.md	Q01	线性、时不变与因果性	系统 $y(t)=x((t-t_0)/a)$ 是否为线性时不变系统？	test/2012-留下面经，造福众生-孟越.pdf	0.7	regular	2012-留下面经，造福众生-孟越.pdf	印象分大打折扣就跪了啊……拖到最后没办法了还是得进去。出乎我意料的是之前把无数人虐出翔的张颢老师 居然一直低着头不为难我啊，估计是看我随机过程成绩太可怜了动了恻隐之心吧，总之太感动了！先是张旭东 老师问给一系统，输入输出满足y(t)=x((t-t0)/a)，问这是不是线性时不变系统，没什么难度，果断不是。接着
信号/SS - 信号与系统	信号/SS - 信号与系统/QUESTIONS.md	Q02	BIBO 稳定性与逆系统	BIBO 稳定系统满足什么条件？	test/2020-七字班推研面经-潘美竹.docx	0.8	regular	2020-七字班推研面经-潘美竹.docx	如何完成3/4采样？ 什么是频率响应 因果稳定的系统频率响应满足什么条件？这个条件是充分还是必要？为什么？
信号/SS - 信号与系统	信号/SS - 信号与系统/QUESTIONS.md	Q02	BIBO 稳定性与逆系统	一个因果、BIBO 稳定的 LTI 系统，其逆系统是否也一定因果、BIBO 稳定？	test/2012-面经_九字班1.pdf	0.632	regular	2012-面经_九字班1.pdf	信号与通信组 张颢：一个 LTI 的 BIBO 稳定、因果的系统的逆系统是否为 BIBO 稳定、因果的？ 答：不一定。（最开始我答了个“是”，然后被张老师循循诱导了一番）
信号/SS - 信号与系统	信号/SS - 信号与系统/QUESTIONS.md	Q03	冲激响应、卷积与时变系统	什么是单位冲激响应？LTI 系统为什么能由冲激响应表征？输入为 $x(t)$、冲激响应为 $h(t)$ 时如何表示输出？卷积的定义和物理意义是什么？	test/2017-面试经验-陈誉博.docx	0.357	regular	2017-面试经验-陈誉博.docx	卷积的物理含义？ 这个简单，我说的是信号可以分解成冲激信号的叠加，每个冲激信号经过系统之后会得到冲激响应，所有冲激响应经过延时后叠加在一起得到输出信号。 一个高斯信号和另一个高斯信号的卷积是高斯信号吗？为什么？
信号/SS - 信号与系统	信号/SS - 信号与系统/QUESTIONS.md	Q03	冲激响应、卷积与时变系统	什么是单位冲激响应？LTI 系统为什么能由冲激响应表征？输入为 $x(t)$、冲激响应为 $h(t)$ 时如何表示输出？卷积的定义和物理意义是什么？	test/2024-一字班推研面经-zcy.docx	0.595	regular	2024-一字班推研面经-zcy.docx	线性时不变系统可以用什么来表征？ 什么是单位冲激响应？ 输入x(t),单位冲激响应是h(t),怎么表示输出？
信号/SS - 信号与系统	信号/SS - 信号与系统/QUESTIONS.md	Q03	冲激响应、卷积与时变系统	卷积能否表示时变系统的输入、冲激响应与输出关系？	test/2023-0字班推研面经-李响.pdf	0.667	regular	2023-0字班推研面经-李响.pdf	信号组 1. 什么是时不变系统？ 2. 卷积能否用于表示时变系统输入、系统冲激响应和输出的关系？
信号/SS - 信号与系统	信号/SS - 信号与系统/QUESTIONS.md	Q04	复指数特征函数与频率响应	LTI 系统的特征函数和特征值是什么？	test/2012-面经_九字班1.pdf	0.846	regular	2012-面经_九字班1.pdf	成分比较大，总之是感觉最不好的一个组。还有一个原因是我 DSP 选的崔晓伟老师，现通 选的潘长勇老师，所以面试的张绪东老师、陈巍老师我都不认识。。。问题有： LTI 系统的特征向量和特征值
信号/SS - 信号与系统	信号/SS - 信号与系统/QUESTIONS.md	Q04	复指数特征函数与频率响应	LTI 系统的特征函数和特征值是什么？	test/2024-一字班推研面经-高思研.pdf	0.538	regular	2024-一字班推研面经-高思研.pdf	我面得最为抽象的一个组，既没有怎么问正常的  ss dsp 内容，也完全没问通信相关的内容。最开始是 zxd 问特征向量和特征函数（的区别？联系？），我没太能  get 到意思，感觉没答到点上。后面另一个老 师问我信号的特征函数是什么，我当时脑子一抽说了冲激响应，过了一会才说出是  exp(jwt) 。又有个老
信号/SS - 信号与系统	信号/SS - 信号与系统/QUESTIONS.md	Q04	复指数特征函数与频率响应	什么是 LTI 系统的频率响应？	test/2013-面经_零字班.pdf	0.8	regular	2013-面经_零字班.pdf	听说他只问年级前十的，我这种小弱他一张杀都不出 接下来谷源涛哥哥动手了 “啥叫线性时不变系统的频率响应？”
信号/SS - 信号与系统	信号/SS - 信号与系统/QUESTIONS.md	Q04	复指数特征函数与频率响应	什么是 LTI 系统的频率响应？	test/2020-七字班推研面经-潘美竹.docx	0.7	regular	2020-七字班推研面经-潘美竹.docx	如果离散信号两点之间插一个零，那么它的频谱长什么样子？ 如何完成3/4采样？ 什么是频率响应
信号/SS - 信号与系统	信号/SS - 信号与系统/QUESTIONS.md	Q05	无失真传输条件	无失真传输系统的幅频、相频响应是什么样，时域中对应什么关系？	test/2014-一字班推研那点事儿（2）-宗泽宇.pdf	0.76	regular	2014-一字班推研那点事儿（2）-宗泽宇.pdf	2、时不变系统的意义 3、无失真传输系统幅频相频响应 4、无失真传输系统时域
信号/SS - 信号与系统	信号/SS - 信号与系统/QUESTIONS.md	Q05	无失真传输条件	一个带宽为 $10\ \mathrm{MHz}$ 的放大器输入 $20\ \mathrm{MHz}$ 正弦波，能否无失真传输？	test/2012-面经_九字班2.pdf	0.75	regular	2012-面经_九字班2.pdf	李冬梅老师：放大器的截止频率是什么？它是由什么造成的？如果放大器的上限频率是 1MHz, 那么如果输入一个2MHz 的正弦波，输出的波形是什么样的，波形会失真么？如果输 入一个带宽为 2MHz 的信号，里面含有各种频率分量，那么输出的波形会失真么？
信号/SS - 信号与系统	信号/SS - 信号与系统/QUESTIONS.md	Q06	理想滤波器与升余弦滤波器的可实现性	理想低通滤波器为什么不可物理实现？频域有限和时域有限能否同时成立？最简单的可实现低通滤波器是什么？	test/2009-推研资料.docx	0.568	regular	2009-推研资料.docx	一开始我很紧张，折腾了半天没说清楚。后来在旁边一个老师的提示下，说出了计算数字频率的公式：（最高频率/抽样频率）*2pi。张老师点了点头。 2.用超导的方式做了一个频谱非常接近于理想低通滤波器的滤波器，这个滤波器什么特点？ 我不知道这个问的是啥意思，反正随便说吧，就扯这个特性很好云云。后来有个老师提示频域受限的滤波器具有什么特点？我说时域无限啊，这才想到了会导致时域上的非因果性。
信号/SS - 信号与系统	信号/SS - 信号与系统/QUESTIONS.md	Q06	理想滤波器与升余弦滤波器的可实现性	理想低通滤波器为什么不可物理实现？频域有限和时域有限能否同时成立？最简单的可实现低通滤波器是什么？	test/2012-面经_九字班2.pdf	0.514	regular	2012-面经_九字班2.pdf	用超导的方式做了一个频谱非常接近于理想低通滤波器的滤波器，这个滤波器什么特点？ 我不知道这个问的是啥意思， 反正随便说吧， 就扯这个特性很好云云。 后来有个老师提示频 域受限的滤波器具有什么特点？我说时域无限啊，这才想到了会导致时域上的非因果性。
信号/SS - 信号与系统	信号/SS - 信号与系统/QUESTIONS.md	Q06	理想滤波器与升余弦滤波器的可实现性	理想升余弦滤波器能否实现？怎样近似实现？时域截断会有什么直观影响？	test/2024-一字班推研面经-zcy.docx	0.679	regular	2024-一字班推研面经-zcy.docx	那我们怎么近似实现升余弦滤波器？ 时域截断之后会发生什么？有什么直观的影响？ 时域截断会使高频还是低频分量减少？
信号/SS - 信号与系统	信号/SS - 信号与系统/QUESTIONS.md	Q07	最小相位、线性相位与全通分解	什么是最小相位系统？同样幅频响应的系统为什么可以有不同相位？怎样分解成最小相位与全通部分？	test/2012-面经_九字班2.pdf	0.486	regular	2012-面经_九字班2.pdf	抽样信号频域怎么变化的问题 对于一个系统,要求是最小相位系统,但是还要用到全通,问加全通的作用是什么 考虑一个线性定常系统，它的零状态响应和它拉普拉斯变换的零点有没有关系？
信号/SS - 信号与系统	信号/SS - 信号与系统/QUESTIONS.md	Q07	最小相位、线性相位与全通分解	什么是最小相位系统？同样幅频响应的系统为什么可以有不同相位？怎样分解成最小相位与全通部分？	test/2019-推研面经-2.docx	0.257	regular	2019-推研面经-2.docx	进门左手边一个不认识的老师问了几个DSP/信号与系统的问题 1、FIR滤波器和IIR滤波器的意思？哪个实现简单？哪个稳定？哪个可以实现线性相位？ 2、最小相位系统的零极点分布情况？
信号/SS - 信号与系统	信号/SS - 信号与系统/QUESTIONS.md	Q07	最小相位、线性相位与全通分解	一个系统能否同时是最小相位和线性相位系统？最小相位系统与全通系统分别有什么用途？	test/2014-面经_二字班.pdf	0.586	regular	2014-面经_二字班.pdf	能。因为最小相位系统一定要求其零点分布全部在单位圆内，而线性相位系统，则要求其 零点有关于 X 轴对称、以及关于单位圆对称的共轭零点，二者显然是不能同时设计的。 老师：那么你知道最小相位系统和全通系统的用途么。
信号/SS - 信号与系统	信号/SS - 信号与系统/QUESTIONS.md	Q08	Fourier 变换的存在性与自变换函数	什么样的函数存在 Fourier 变换？	test/2012-面经_九字班2.pdf	0.6	regular	2012-面经_九字班2.pdf	考虑一个线性定常系统，它的零状态响应和它拉普拉斯变换的零点有没有关系？ 拉氏变换的终值定理（咋回事，什么条件） 进行傅里叶变换的函数要满足什么条件， 还有那个冲击函数的积分不是等于一么， 是什么积
信号/SS - 信号与系统	信号/SS - 信号与系统/QUESTIONS.md	Q08	Fourier 变换的存在性与自变换函数	哪些函数的 Fourier 变换等于自身？除 Gaussian 外还有什么？给定 $f(t)$，怎样构造 Fourier 变换等于自身的函数？	test/2021-八字班推研面经-涂晨昕.docx	0.407	regular	2021-八字班推研面经-涂晨昕.docx	什么函数的傅里叶变换等于本身？——高斯 还有呢——(？？？)这个我不太清楚 （后来想起来还有冲激串，当时没想到233） 假如给你一个函数f(t) 如何构造一个函数傅里叶变换等于其本身？
信号/SS - 信号与系统	信号/SS - 信号与系统/QUESTIONS.md	Q09	Fourier 变换与 Laplace 变换	Fourier 变换的意义和应用是什么？Laplace 变换与 Fourier 变换有什么区别？	test/2023-0字班推研面经-1.pdf	0.474	regular	2023-0字班推研面经-1.pdf	纸片让我画一下，当时没想到面试居然需要动笔，慌了一下） 2. 请阐述一下傅里叶变换的意义和应用（开放性问题），拉普拉斯变换和傅里叶变换的区 别有些什么（收敛性、频率分析 vs 系统分析 etc..)
信号/SS - 信号与系统	信号/SS - 信号与系统/QUESTIONS.md	Q10	DTFT、DFT、FFT 与 $z$ 变换	DFT 的意义是什么？	test/2018_面试整体情况.docx	0.833	regular	2018_面试整体情况.docx	11、两个独立同分布高斯变量，是什么分布？是什么分布？ 12、功率谱和频谱有什么关系？ 13、DFT的意义是什么？
信号/SS - 信号与系统	信号/SS - 信号与系统/QUESTIONS.md	Q10	DTFT、DFT、FFT 与 $z$ 变换	FFT 怎样减少 DFT 的计算量，利用了旋转因子的什么性质？	test/2012-面经_九字班2.pdf	0.619	regular	2012-面经_九字班2.pdf	FFT 是如何减少工作量的？利用了旋转因子的什么特性？ DFT/FFT 给你一个连续信号， 用其最高频率的5 倍进行抽样， 得到的数字频谱是怎么样的？要求给出
信号/SS - 信号与系统	信号/SS - 信号与系统/QUESTIONS.md	Q10	DTFT、DFT、FFT 与 $z$ 变换	$z$ 变换与 DTFT 有什么关系？	test/2025-二字班推研面经-ljh.docx	0.625	regular	2025-二字班推研面经-ljh.docx	我们抽到的题目是：随着科技民族化（？）这种现象的发展，请问各国的竞争和科技封锁是否对科学技术的发展是有益的？如何平衡国家科技安全和技术全球化？ 2.信号组（被问烂了） 不认识老师：请解释一下眼图（什么东西），我说我没修过通信，就问了z变换和DTFT关系
信号/SS - 信号与系统	信号/SS - 信号与系统/QUESTIONS.md	Q11	终值定理及其适用条件	Laplace 变换的终值定理是什么，适用条件是什么？	test/2012-面经_九字班2.pdf	0.6	regular	2012-面经_九字班2.pdf	对于一个系统,要求是最小相位系统,但是还要用到全通,问加全通的作用是什么 考虑一个线性定常系统，它的零状态响应和它拉普拉斯变换的零点有没有关系？ 拉氏变换的终值定理（咋回事，什么条件）
信号/SS - 信号与系统	信号/SS - 信号与系统/QUESTIONS.md	Q12	Hilbert 变换与解析信号	什么是 Hilbert 变换？给出时域、频域表示。	test/2013-据说留下面经可以攒人品-戴国浩.pdf	0.615	regular	2013-据说留下面经可以攒人品-戴国浩.pdf	的matlab小学期学的吧？（其实除了64kbps，其他我还真不记得什么时候学的，反正看到谷老师就记得matl ab小学期处理过语音，就随口说了），结果老师们笑成一团，笑了半分钟。。后来孟老师又问我： 什么是希尔伯特变换？时域频域表示？非均匀量化能不能提高动态范围？
信号/SS - 信号与系统	信号/SS - 信号与系统/QUESTIONS.md	Q13	采样、数字频率与混叠	采样频率恰好等于信号最高频率的两倍会怎样？最高频率为 $f_m$ 的信号用 $5f_m$ 采样，数字域最高角频率是多少？$5\ \mathrm{kHz}$ 正弦用 $9\ \mathrm{kHz}$ 采样后看起来是多少？	test/2012-面经_九字班2.pdf	0.488	regular	2012-面经_九字班2.pdf	FFT 是如何减少工作量的？利用了旋转因子的什么特性？ DFT/FFT 给你一个连续信号， 用其最高频率的5 倍进行抽样， 得到的数字频谱是怎么样的？要求给出
信号/SS - 信号与系统	信号/SS - 信号与系统/QUESTIONS.md	Q14	在线直流估计与滑动平均	对连续信号采样后在线估计直流分量，怎样使每来一个新样本只做常数次运算？滑动平均的冲激响应和频率响应是什么？	test/2009-推研资料.docx	0.333	regular	2009-推研资料.docx	2.用超导的方式做了一个频谱非常接近于理想低通滤波器的滤波器，这个滤波器什么特点？ 我不知道这个问的是啥意思，反正随便说吧，就扯这个特性很好云云。后来有个老师提示频域受限的滤波器具有什么特点？我说时域无限啊，这才想到了会导致时域上的非因果性。 3.对一个连续信号进行抽样，想设计一个实时计算信号直流分量的电路，请问随着采样点N增多，时间复杂度怎么变化？
信号/SS - 信号与系统	信号/SS - 信号与系统/QUESTIONS.md	Q14	在线直流估计与滑动平均	对连续信号采样后在线估计直流分量，怎样使每来一个新样本只做常数次运算？滑动平均的冲激响应和频率响应是什么？	test/2012-面经_九字班2.pdf	0.312	regular	2012-面经_九字班2.pdf	我不知道这个问的是啥意思， 反正随便说吧， 就扯这个特性很好云云。 后来有个老师提示频 域受限的滤波器具有什么特点？我说时域无限啊，这才想到了会导致时域上的非因果性。 对一个连续信号进行抽样， 想设计一个实时计算信号直流分量的电路， 请问随着采样点N 增
信号/SS - 信号与系统	信号/SS - 信号与系统/QUESTIONS.md	Q15	模拟滤波器到数字滤波器的映射	怎样用冲激响应不变法和双线性变换法从模拟滤波器设计数字滤波器？两种方法各有什么失真？	test/2013-面试经历小结-黄博.pdf	0.432	regular	2013-面试经历小结-黄博.pdf	声，还能压缩数据量。于是又问我一个100bps的比特流，1和0等概分布，差分编码后的比特率是多少。这特 么的是什么。。。然后谷哥哥老师抬头说我来问一个，冲击响应不变法知道吗？我说知道，但是忘了。。。谷 哥哥当时的表情既无奈又怜悯。。。为了引导我，又问我怎么设计数字滤波器，我毫无头绪地胡扯了几句时间
信号/SS - 信号与系统	信号/SS - 信号与系统/QUESTIONS.md	Q15	模拟滤波器到数字滤波器的映射	怎样用冲激响应不变法和双线性变换法从模拟滤波器设计数字滤波器？两种方法各有什么失真？	test/2019-推研面经-4.docx	0.378	regular	2019-推研面经-4.docx	推研面试终于告一段落，曾经被复习折磨的死去活来，终于成功上岸，也可以好好总结这次让我惶恐的考试。 信号组 信号组是我最害怕的组，所以抱着早死早超生的心态去排了这个、人最少的屋子。一进去，我看到谷gg，姚峥老师，沈渊老师都在，莫名有一种亲切感。一个不认识的老师开始发问，全部是通信的基础知识，从高斯信道容量开始问起，多址方式，双工方式（手机连接wifi是半双工还是全双工）等等……这些并不只是问它们的概念，而是会问你对这些概念的理解。姚峥老师估计是知道我选修过dsp（可是我真的只有
信号/SS - 信号与系统	信号/SS - 信号与系统/QUESTIONS.md	Q16	有理采样率变换	怎样实现 $3/4$ 倍采样率变换？	test/2020-七字班推研面经-潘美竹.docx	0.222	regular	2020-七字班推研面经-潘美竹.docx	信号与系统里描述抽样频率的叫什么？ 如果离散信号两点之间插一个零，那么它的频谱长什么样子？ 如何完成3/4采样？
信号/SS - 信号与系统	信号/SS - 信号与系统/QUESTIONS.md	Q16	有理采样率变换	原来采样 $1000$ 点，采样率改变后对应 $996$ 或 $997$ 点，怎样重采样？	test/2025-二字班推研面经-ljh.docx	0.353	regular	2025-二字班推研面经-ljh.docx	zzr：假如所有学生的成绩分布是i.i.d，你比你前面两个面试的学生分数高的概率是多少？这时候我已经有点慌了，就胡乱答了个1/4，也怪我概随复习不充分，没有想到应该是顺序统计量 然后zh老师还循循善诱了一番，可惜也没点醒我，他问我我的成绩大于A大于B的概率是多少，结果我只回答上了三个人排序有六种方案（ 不认识老师：那我问你dsp，如果我们采样1000个点，但是现在我的采样频率改变了delta，采样点变成996，997怎么办？（我也不知道咋办，答了个上采样下采样就到时间了）
信号/SS - 信号与系统	信号/SS - 信号与系统/QUESTIONS.md	Q17	插零、补零与频谱变化	在离散信号每两个样本之间插入一个零，频谱怎样变化？	test/2020-七字班推研面经-潘美竹.docx	0.455	regular	2020-七字班推研面经-潘美竹.docx	抽样频率要多少才够？ 信号与系统里描述抽样频率的叫什么？ 如果离散信号两点之间插一个零，那么它的频谱长什么样子？
信号/SS - 信号与系统	信号/SS - 信号与系统/QUESTIONS.md	Q17	插零、补零与频谱变化	给离散序列插入若干个零，DFT 怎样变化？	test/2024-一字班推研面经-李羿璇.pdf	0.067	regular	2024-一字班推研面经-李羿璇.pdf	⽼师都不认识 第⼀个⽼师追着问了 4 分钟我怎么理解信道容量，误码率多⼩就达到信道容量了，之类的（完全不会） 第⼆个⽼师问我 DTFT，DFT，Z 变换的关系，然后⼜问给⼀个信号插⼊ n 个 0，DFT 有什么变化，我答分辨率变⾼，
信号/SS - 信号与系统	信号/SS - 信号与系统/QUESTIONS.md	Q18	带通采样	采样率较低时怎样无失真采样高频带通信号？什么是带通采样定理？	test/2018_面试整体情况.docx	0.625	regular	2018_面试整体情况.docx	12、（拿一张电路图出来）分析电路的基本功能（一般就是简单的低通、高通、带通、带阻电路） 二、信号组 1、说一下奈奎斯特采样定理吧。如果我现在的采样率比较低，但是还想无失真地采样一段高频信号，你有什么方法？（后来想起答案可能是带通采样）
信号/SS - 信号与系统	信号/SS - 信号与系统/QUESTIONS.md	Q18	带通采样	采样率较低时怎样无失真采样高频带通信号？什么是带通采样定理？	test/2024-一字班推研面经_高希钢.docx	0.458	regular	2024-一字班推研面经_高希钢.docx	不认识老师3：知道奈奎斯特采样吗？ 采样率必须至少是信号最高频率分量的2倍 不认识老师3：那知道带通采样定理吗？
信号/SS - 信号与系统	信号/SS - 信号与系统/QUESTIONS.md	Q19	FIR、IIR、线性相位与窗函数	FIR 与 IIR 是什么，各有什么特点？FIR 怎样实现广义线性相位？窗函数的主瓣、旁瓣怎样影响设计？	test/2019-推研面经-2.docx	0.333	regular	2019-推研面经-2.docx	黄永峰老师也问了几个问题。 6、main函数可以带参数吗？参数的数据类型是什么？ 7、一维数组名和二维数组名有什么区别？
信号/SS - 信号与系统	信号/SS - 信号与系统/QUESTIONS.md	Q19	FIR、IIR、线性相位与窗函数	FIR 与 IIR 是什么，各有什么特点？FIR 怎样实现广义线性相位？窗函数的主瓣、旁瓣怎样影响设计？	test/2020-七字班推研面经-潘美竹.docx	0.485	regular	2020-七字班推研面经-潘美竹.docx	什么是频率响应 因果稳定的系统频率响应满足什么条件？这个条件是充分还是必要？为什么？ FIR是什么意思，FIR实现线性相位满足什么要求，时域上有什么特点。
信号/SS - 信号与系统	信号/SS - 信号与系统/QUESTIONS.md	Q19	FIR、IIR、线性相位与窗函数	FIR 与 IIR 是什么，各有什么特点？FIR 怎样实现广义线性相位？窗函数的主瓣、旁瓣怎样影响设计？	test/2025-二字班推研面经-wj.pdf	0.576	regular	2025-二字班推研面经-wj.pdf	我：（预制问题） FIR 是有限冲激响应，它的优点是一定稳定，并且可以实现广义线性相位系统；缺点是为了 达到相同的设计指标， FIR 滤波器的阶数一般会比较大，计算复杂，延时也会比较大。 IIR 刚好相反。 姚铮：你刚才提到广义线性相位系统，它和狭义上的线性相位系统有什么区别啊？
信号/SS - 信号与系统	信号/SS - 信号与系统/QUESTIONS.md	Q20	方波频谱、低通输出与 Gibbs 现象	描述方波频谱。方波通过低通滤波器后，时域波形怎样变化？	test/2023-0字班推研面经-1.pdf	0.455	regular	2023-0字班推研面经-1.pdf	第一个老师（李洪）： 1. 描述一下方波的频谱（奇次谐波 balabala ）？如果将其通过一个低通滤波器，其时域的 波形会发生什么样的现象（我答了答吉布斯现象，我可能没太讲懂，老师就丢过来一张
信号/SS - 信号与系统	信号/SS - 信号与系统/QUESTIONS.md	Q20	方波频谱、低通输出与 Gibbs 现象	什么是 Gibbs 现象？	test/2024-一字班推研面经_高希钢.docx	0.2	regular	2024-一字班推研面经_高希钢.docx	面试整体来说运气应该算比较开挂，没有被问到特别抽象的问题，所以非常幸运地竟然是面试第一名。但听其他同学的讲述有很多问题会特别难，还会问到一些极其抽象的东西（比如5G之花是什么），或者连续问一堆完全不知道怎么回答的很复杂的问题，但我似乎都没有碰到，所以此份面经也请勿作过度参考。 线路组 刚进门还没坐稳，李学清老师就发问了，气势逼人（
信号/SS - 信号与系统	信号/SS - 信号与系统/QUESTIONS.md	Q21	频谱泄漏与时间截断	什么是泄漏效应？	test/2021-八字班推研面经-贾文彬.docx	0.667	regular	2021-八字班推研面经-贾文彬.docx	不相关和独立的定义是什么？在什么情况下可以互相转化？ 一个GC信道，进行两次传输，分别接收到y1和y2，将y1+y2作为接收，接收信噪比有提高吗？为什么？ 知道什么是泄露效应吗？说一下
信号/SS - 信号与系统	信号/SS - 信号与系统/QUESTIONS.md	Q22	矩形脉冲卷积与 Gaussian 极限	两个 Gaussian 函数卷积后是否仍为 Gaussian，方差怎样变化？	test/2017-面试经验-陈誉博.docx	0.353	regular	2017-面试经验-陈誉博.docx	一个高斯信号和另一个高斯信号的卷积是高斯信号吗？为什么？ 是高斯信号，因为高斯信号的频谱也是高斯信号，卷积相当于频域相乘，两个高斯函数乘在一起还是高斯函数，变换回时域的话还是高斯信号。 两个标准正态分布做卷积，结果的方差变大还是变小？
信号/SS - 信号与系统	信号/SS - 信号与系统/QUESTIONS.md	Q22	矩形脉冲卷积与 Gaussian 极限	两个相同矩形脉冲卷积是什么形状，不同宽度时呢？三个以及成千上万个矩形脉冲连续卷积后怎样？	test/2020-七字班推研面经-曾锦薇.pdf	0.306	regular	2020-七字班推研面经-曾锦薇.pdf	⾕谷哥哥⾸首先问了了我卷积的定义和物理理意义。 然后问我两个相同矩形⽅方波的卷积结果的形状，我说三⻆角波； ⾕谷哥哥接着问我了了两个不不同矩形⽅方波的卷积结果，应该是梯形。（我在脑海海中仔细
信号/SS - 信号与系统	信号/SS - 信号与系统/QUESTIONS.md	Q22	矩形脉冲卷积与 Gaussian 极限	两个相同矩形脉冲卷积是什么形状，不同宽度时呢？三个以及成千上万个矩形脉冲连续卷积后怎样？	test/2023-0字班推研面经-李响.pdf	0.333	regular	2023-0字班推研面经-李响.pdf	3. 两个一摸一样的矩形波卷积是什么波形？ 3. 三个呢？ 4. 成千上万个呢？
信号/SS - 信号与系统	信号/SS - 信号与系统/QUESTIONS.md	Q23	Fourier 变换性质与平移脉冲	矩形脉冲的 Fourier 变换是什么？三个相同矩形脉冲分别位于左、中、右时怎样求 Fourier 变换？时域微分后 Fourier 变换怎样变化？	test/2024-一字班推研面经-yj自行整理.zip	0.333	zip-interview	2024-一字班推研面经-yj自行整理.zip::面经-yj自行整理/markdown/推研面经2024.md	然后ggg开始救场：矩形波的傅里叶变换是什么？那三个一模一样的矩形波，在时域上左中右各一个（意会一下时域图），它的傅里叶变换是什么？（其实相当于一个矩形波卷积一个冲激串，时域卷积等于频域相乘） 傅里叶变换的性质有哪些？ 一个时域微分的信号，傅里叶变换是什么？
信号/SS - 信号与系统	信号/SS - 信号与系统/QUESTIONS.md	Q24	匹配滤波与应用	匹配滤波器的定义和意义是什么，为什么能够改善检测信噪比？	test/2012-面经_九字班2.pdf	0.708	regular	2012-面经_九字班2.pdf	异步串行传输，1 位起始，8 位数据，1 位校验，1 位停止，符号率100 符号/s，问比特率多 少？若采用 QPSK 调制，波特率是多少？ 匹配滤波器的意义是什么？为什么能实现信噪比最小？
信号/SS - 信号与系统	信号/SS - 信号与系统/QUESTIONS.md	Q24	匹配滤波与应用	匹配滤波器的定义和意义是什么，为什么能够改善检测信噪比？	test/2020-七字班推研面经-曾锦薇.pdf	0.583	regular	2020-七字班推研面经-曾锦薇.pdf	然后是⽹网络组： 说说匹配滤波？我把匹配滤波的原理理说了了⼀一遍，⽼老老师点头。 匹配滤波的意义是什什么？我说匹配信号，增⼤大信噪⽐比等。
信号/SS - 信号与系统	信号/SS - 信号与系统/QUESTIONS.md	Q24	匹配滤波与应用	日常生活和工程中哪里使用匹配滤波？AM、FM 中是否使用匹配滤波？	test/2024-一字班推研面经-zcy.docx	0.55	regular	2024-一字班推研面经-zcy.docx	说说日常生活中哪里会用到匹配滤波？ 说说工程应用中哪里会用到匹配滤波？ AM和FM中是否会用到匹配滤波？
信号/SS - 信号与系统	信号/SS - 信号与系统/QUESTIONS.md	Q25	连续信号空间的正交基	一个连续时间信号可由多少组正交基表示？请举例。限制频率在 $1000\ \mathrm{Hz}$ 内后，基函数有多少个？	test/2024-一字班推研面经-yj自行整理.zip	0.394	zip-interview	2024-一字班推研面经-yj自行整理.zip::面经-yj自行整理/markdown/推研面经2024.md	11.天为什么是蓝的？（响铃结束） **信号组：**这组老师是最（）的，直接被拷打成吗喽了× 进去之后坐在里面一个有口音的老教授：知不知道正交基？能不能找到两组正交基表示一个时域连续信号？（我只知道sin和cos，还能找啥啊，信号真不会......）
信号/SS - 信号与系统	信号/SS - 信号与系统/QUESTIONS.md	Q25	连续信号空间的正交基	一个连续时间信号可由多少组正交基表示？请举例。限制频率在 $1000\ \mathrm{Hz}$ 内后，基函数有多少个？	test/2024-一字班推研面经_高希钢.docx	0.455	regular	2024-一字班推研面经_高希钢.docx	时间到 信号组 不认识老师1（手舞足蹈，非常开心地讲述，光这个问题应该能讲半分多钟）：现在有一个时域连续信号x(t)，然后在一个函数系里，这个函数系里有无数个信号，如果要在这个函数系里找正交基，来表示这个x(t)，能找到多少个正交基啊？
信号/SS - 信号与系统	信号/SS - 信号与系统/QUESTIONS.md	Q26	均匀随机输入通过 LTI 系统	每个时刻具有均匀概率密度的信号通过 LTI 系统后，输出是否仍一定均匀？	test/2012-面经_九字班1.pdf	0.714	regular	2012-面经_九字班1.pdf	一个二维分布，它的两个边缘分组都是正态分布，问这个二维分布是不是一定是二维正态 分布？ 一个拥有均匀概率密度的信号，通过一个 LTI 系统，得到的信号是否还一定拥有均匀概率
信号/SS - 信号与系统	信号/SS - 信号与系统/QUESTIONS.md	Q26	均匀随机输入通过 LTI 系统	每个时刻具有均匀概率密度的信号通过 LTI 系统后，输出是否仍一定均匀？	test/2012-面经_九字班2.pdf	0.714	regular	2012-面经_九字班2.pdf	一个二维分布，它的两个边缘分组都是正态分布，问这个二维分布是不是一定是二维正态 分布？ 一个拥有均匀概率密度的信号，通过一个 LTI 系统，得到的信号是否还一定拥有均匀概率
信号/SS - 信号与系统	信号/SS - 信号与系统/QUESTIONS.md	Q27	频谱与功率谱	功率谱与频谱有什么关系？	test/2018_面试整体情况.docx	0.8	regular	2018_面试整体情况.docx	10、如果编码效率相同，什么因素可以衡量编码的性能？（最小码距）如果希望能纠X位错误，最小码距有什么要求？ 11、两个独立同分布高斯变量，是什么分布？是什么分布？ 12、功率谱和频谱有什么关系？
信号/SS - 信号与系统	信号/SS - 信号与系统/QUESTIONS.md	Q28	手抖图像模糊与逆滤波	拍照时手抖造成模糊，怎样用系统观点描述并恢复？	test/2009-推研资料.docx	0.45	regular	2009-推研资料.docx	117、数字复接器由哪些部分组成？数字分接器由哪些部分组成？ 答：数字复接器由定时、码速调整和复接单元构成；数字分接器由同步、定时、分接和支路码速恢复单元组成。 118、关于时分复用系统，国际上的两大标准是什么？
信号/SS - 信号与系统	信号/SS - 信号与系统/QUESTIONS.md	Q28	手抖图像模糊与逆滤波	拍照时手抖造成模糊，怎样用系统观点描述并恢复？	test/2012-面经_九字班2.pdf	0.25	regular	2012-面经_九字班2.pdf	【信号与系统】 LTI 系统的特征向量和特征值 “如果拍照的时候手抖了一下怎么办” ，也有人被问到底盘低和底盘高的汽车上一个台阶的
数学/CM - 复变函数与数理方程	数学/CM - 复变函数与数理方程/QUESTIONS.md	Q01	三类典型数理方程	数理方程包含哪几类？	test/2020-七字班推研面经-荆峥.pdf	1.0	regular	2020-七字班推研面经-荆峥.pdf	七字班面试经历 荆峥  在2020年推免中，我计划交叉至外系读博，电子系对于校内交叉的同学基本不设限制，对于外推到外校的同学可能会存在名额限制，现在还不确定七字班的外推情况如何，往年外推基本都可以满足。 博士比较关键的是联系导师，如果导师有固定名额且确定招收你的话，面试的要求就没有那么高，但电子系读博要求面试成绩（非GPA）必须在前80%，还是要好好准备，但压力会小很多；外系交叉其实是类似的，如果拿到了博士固定名额对于面试成绩没有特别高的要求，但仍要认真准备，尤其是外系专业课
数学/DM - 离散数学	数学/DM - 离散数学/QUESTIONS.md	Q01	二元关系、等价关系、偏序关系与全序关系	什么是二元关系？什么是等价关系、偏序关系和全序关系？	test/2012-留下面经，造福众生-孟越.pdf	0.688	regular	2012-留下面经，造福众生-孟越.pdf	啊就只记得二元关系是相等大于小于神马的啊可是您非让我说定义我就说不出来了啊……憋了半天也没憋出来 ，这时候马洪兵老师突然转过头看着窗外就笑起来了啊，拜托马哥我知道您是个好人啊可是您干吗非这时候笑 啊，您这一笑我就彻底毛了啊……吴老师看我也答不出来就又问等价关系的定义，不会，偏序关系定义，不会
数学/LA - 线性代数	数学/LA - 线性代数/QUESTIONS.md	Q01	特征值与奇异值	矩阵的特征值和奇异值有什么区别？	test/2020-七字班推研面经-3.docx	0.857	regular	2020-七字班推研面经-3.docx	如何接收我们想要的信号? 会议室十个人需要同时完成通信，用相同频段怎么做? 矩阵特征值和奇异值有什么区别？
数学/LA - 线性代数	数学/LA - 线性代数/QUESTIONS.md	Q02	特征向量与 LTI 特征函数	特征向量和特征函数有什么区别与联系？信号系统中的特征函数是什么？	test/2024-一字班推研面经-高思研.pdf	0.583	regular	2024-一字班推研面经-高思研.pdf	我面得最为抽象的一个组，既没有怎么问正常的  ss dsp 内容，也完全没问通信相关的内容。最开始是 zxd 问特征向量和特征函数（的区别？联系？），我没太能  get 到意思，感觉没答到点上。后面另一个老 师问我信号的特征函数是什么，我当时脑子一抽说了冲激响应，过了一会才说出是  exp(jwt) 。又有个老
数学/LA - 线性代数	数学/LA - 线性代数/QUESTIONS.md	Q03	条件数与病态线性方程组	什么是条件数？解线性方程组时怎样避免病态？	test/2014-面经_二字班.pdf	0.778	regular	2014-面经_二字班.pdf	吧……当然还有其他什么的？）（感觉真的是就是说不到点上，又是耽误了好久） 老师：那我问个简单的问题吧。什么是条件数，在解线性方程组的时候如何可以避免 病态。
数学/LA - 线性代数	数学/LA - 线性代数/QUESTIONS.md	Q04	Gaussian 消元法	请介绍 Gaussian 消元法。	test/2009-推研资料.docx	0.5	regular	2009-推研资料.docx	从涉及的课程来讲，C、C++、数据结构/数值分析、微机原理吧 当时被问的问题是：现在日本核辐射了，如果让你来测，你怎么测。然后我就扯了一堆什么建模什么图啊之类的，然后那个老师表示各种无语。其实我到现在也不知道他想要的答案是什么。然后敬爱的孙甲松老师就来解围了，把话题转移到编程上面去了，问了个和include有关的问题，本来想着终于答出一个问题了，结果之前那位老师又来了一句stdio.h里面到底是什么…… 听说计算机组还有被问到winRAR的原理、苹果为什么被咬了一口的，也有被
数学/LA - 线性代数	数学/LA - 线性代数/QUESTIONS.md	Q04	Gaussian 消元法	请介绍 Gaussian 消元法。	test/2012-面经_九字班2.pdf	0.333	regular	2012-面经_九字班2.pdf	设计一个算法测量不规则几何形状的面积 图论 高斯消元法、队列、最基本的二叉树或者图
数学/LA - 线性代数	数学/LA - 线性代数/QUESTIONS.md	Q05	PCA 与特征降维	如何进行特征降维？	test/2018_面试整体情况.docx	1.0	regular	2018_面试整体情况.docx	10、ROM和RAM各自是什么？ 11、媒体：（问到了神经网络相关的东西） 12、如何进行特征降维？
数学/LA - 线性代数	数学/LA - 线性代数/QUESTIONS.md	Q05	PCA 与特征降维	讲一讲 PCA。	test/2019-推研面经-1.docx	1.0	regular	2019-推研面经-1.docx	有没有虚析构函数 复制构造函数 讲一讲PCA
数学/PR - 概率论与随机过程	数学/PR - 概率论与随机过程/QUESTIONS.md	Q01	概率的公理化定义	概率的定义是什么？它满足哪三个性质？	test/2018_面试整体情况.docx	0.733	regular	2018_面试整体情况.docx	二、信号组 1、说一下奈奎斯特采样定理吧。如果我现在的采样率比较低，但是还想无失真地采样一段高频信号，你有什么方法？（后来想起答案可能是带通采样） 2、概率的定义是什么？（三个性质）
数学/PR - 概率论与随机过程	数学/PR - 概率论与随机过程/QUESTIONS.md	Q02	条件概率、先验概率、后验概率与 Bayes 公式	什么是先验概率、后验概率和条件概率？	test/2018_面试整体情况.docx	0.75	regular	2018_面试整体情况.docx	四、计算机组 1、虚函数 2、什么是先验概率？什么是后验概率？什么是条件概率？
数学/PR - 概率论与随机过程	数学/PR - 概率论与随机过程/QUESTIONS.md	Q02	条件概率、先验概率、后验概率与 Bayes 公式	说明 Bayes 公式。	test/2019-推研面经-1.docx	0.25	regular	2019-推研面经-1.docx	两个方差为1的高斯分布，他们的和的方差的最大值最小值，什么时候取最小值 降噪耳机的原理 给一个信号X，第一次收得Y1，信噪比10dB；重发X，第二次收得Y2，信噪比10dB。问这种策略信噪比是否提升？提升多少？信道容量是否变？为什么？信道容量（高斯）公式，引导信噪比变没变，所以信道容量变没变？
数学/PR - 概率论与随机过程	数学/PR - 概率论与随机过程/QUESTIONS.md	Q02	条件概率、先验概率、后验概率与 Bayes 公式	说明 Bayes 公式。	test/2020-七字班推研面经-2.docx	0.25	regular	2020-七字班推研面经-2.docx	自我介绍；英语组，提问为什么选择工商管理作为双学位，以及这个暑假干嘛去了（实习相关内容）； 电路相关：比如正弦波如何得到方波，方波如何得到（二倍频的）正弦波，奇数个反相器相连得到什么？周期和什么相关？ 数电/信号：如数字调制概念，减小噪声的原理等等；随后提问贝叶斯公式，最大似然，最大后验，哪种是无偏估计等，这时候ggg突然提问：如果我打开门看到一个东西长得很像狮子，但是我知道它不是狮子，而是一条狮子狗（？），这时候属于最大后验概率还是最大似然概率，我犹豫了会说最大后验，然后g
数学/PR - 概率论与随机过程	数学/PR - 概率论与随机过程/QUESTIONS.md	Q03	最大似然、最大后验与无偏性	什么是最大似然和最大后验？哪种是无偏估计？打开门看到一个东西长得很像狮子，但已知它不是狮子而是狮子狗，这里用到了哪一种信息？	test/2020-七字班推研面经-2.docx	0.692	regular	2020-七字班推研面经-2.docx	自我介绍；英语组，提问为什么选择工商管理作为双学位，以及这个暑假干嘛去了（实习相关内容）； 电路相关：比如正弦波如何得到方波，方波如何得到（二倍频的）正弦波，奇数个反相器相连得到什么？周期和什么相关？ 数电/信号：如数字调制概念，减小噪声的原理等等；随后提问贝叶斯公式，最大似然，最大后验，哪种是无偏估计等，这时候ggg突然提问：如果我打开门看到一个东西长得很像狮子，但是我知道它不是狮子，而是一条狮子狗（？），这时候属于最大后验概率还是最大似然概率，我犹豫了会说最大后验，然后g
数学/PR - 概率论与随机过程	数学/PR - 概率论与随机过程/QUESTIONS.md	Q03	最大似然、最大后验与无偏性	最大似然和最大后验有什么区别？	test/2022-九字班九字班推研面经-2.docx	0.75	regular	2022-九字班九字班推研面经-2.docx	专业面试： 首先电磁场：简述一下Maxwell方程和其意义？  Maxwell方程能够推出本构关系吗？ (本构关系要么没讲要么忘了 只能乱说了) 忘记了一个问题，等着补 其次通信：讲一下FM,FSK,OFDM的方法？噪声可以消除吗？可以抑制吗？如何抑制？降噪耳机是什么原理？最大似然和最大后验的区别？
数学/PR - 概率论与随机过程	数学/PR - 概率论与随机过程/QUESTIONS.md	Q04	大数定律与中心极限定理	解释中心极限定理。	test/2019-推研面经-2.docx	0.857	regular	2019-推研面经-2.docx	5、维特比算法解决哪类问题？ 之后右手边一个不认识的老师发问了 6、解释一下中心极限定理
数学/PR - 概率论与随机过程	数学/PR - 概率论与随机过程/QUESTIONS.md	Q04	大数定律与中心极限定理	解释中心极限定理。	test/2024-一字班推研面经-zcy.docx	0.857	regular	2024-一字班推研面经-zcy.docx	什么是卷积？卷积为什么是这个形式？ 什么是大数定律？ 什么是中心极限定理？
数学/PR - 概率论与随机过程	数学/PR - 概率论与随机过程/QUESTIONS.md	Q04	大数定律与中心极限定理	什么是大数定律？	test/2024-一字班推研面经-zcy.docx	1.0	regular	2024-一字班推研面经-zcy.docx	输入x(t),单位冲激响应是h(t),怎么表示输出？ 什么是卷积？卷积为什么是这个形式？ 什么是大数定律？
数学/PR - 概率论与随机过程	数学/PR - 概率论与随机过程/QUESTIONS.md	Q05	均匀随机变量之和	两个服从 $U(0,1)$ 的均匀分布随机变量之和是什么分布？$n$ 个呢？	test/2020-七字班推研面经-3.docx	0.45	regular	2020-七字班推研面经-3.docx	会议室十个人需要同时完成通信，用相同频段怎么做? 矩阵特征值和奇异值有什么区别？ 两个(0,1)的均匀分布变量的和的分布?n个呢？
数学/PR - 概率论与随机过程	数学/PR - 概率论与随机过程/QUESTIONS.md	Q06	独立同分布连续变量的次序概率	假如所有学生的成绩独立同分布，你比前面两位参加面试的学生分数高的概率是多少？你的成绩大于 A、A 又大于 B 的概率是多少？	test/2025-二字班推研面经-ljh.docx	0.674	regular	2025-二字班推研面经-ljh.docx	不认识老师：请解释一下眼图（什么东西），我说我没修过通信，就问了z变换和DTFT关系 zzr：假如所有学生的成绩分布是i.i.d，你比你前面两个面试的学生分数高的概率是多少？这时候我已经有点慌了，就胡乱答了个1/4，也怪我概随复习不充分，没有想到应该是顺序统计量 然后zh老师还循循善诱了一番，可惜也没点醒我，他问我我的成绩大于A大于B的概率是多少，结果我只回答上了三个人排序有六种方案（
数学/PR - 概率论与随机过程	数学/PR - 概率论与随机过程/QUESTIONS.md	Q07	Gaussian 随机变量的和与差	两个 Gaussian 随机变量的差是什么随机变量？其均值和方差是多少？	test/2018_面试整体情况.docx	0.9	regular	2018_面试整体情况.docx	2、概率的定义是什么？（三个性质） 3、两个高斯随机变量，它们的差是什么随机变量？其均值和方差呢？ 4、高斯随机变量的卷积是什么？
数学/PR - 概率论与随机过程	数学/PR - 概率论与随机过程/QUESTIONS.md	Q07	Gaussian 随机变量的和与差	两个均值为 $0$、方差为 $1$ 的 Gaussian 随机变量，它们的和与差的均值、方差分别是多少？	test/2025-二字班推研面经-wj.pdf	0.593	regular	2025-二字班推研面经-wj.pdf	这组同时碰上 zh 和 ozj ，但幸好他们没怎么对我发力 欧智坚：假设有两个高斯随机变量 和 ，均值都是 0 ，方差都是 1 ，那 的均值和方差是多少啊？ 我：（被问到预制问题还是很开心的）均值为 0 ，方差在 0 到 4 之间，不确定。
数学/PR - 概率论与随机过程	数学/PR - 概率论与随机过程/QUESTIONS.md	Q08	Gaussian 函数与概率密度的卷积	一个 Gaussian 信号与另一个 Gaussian 信号卷积后还是 Gaussian 信号吗？为什么？两个标准正态分布做卷积，结果的方差变大还是变小？	test/2017-面试经验-陈誉博.docx	0.811	regular	2017-面试经验-陈誉博.docx	一个高斯信号和另一个高斯信号的卷积是高斯信号吗？为什么？ 是高斯信号，因为高斯信号的频谱也是高斯信号，卷积相当于频域相乘，两个高斯函数乘在一起还是高斯函数，变换回时域的话还是高斯信号。 两个标准正态分布做卷积，结果的方差变大还是变小？
数学/PR - 概率论与随机过程	数学/PR - 概率论与随机过程/QUESTIONS.md	Q08	Gaussian 函数与概率密度的卷积	Gaussian 随机变量的卷积是什么？	test/2018_面试整体情况.docx	0.9	regular	2018_面试整体情况.docx	2、概率的定义是什么？（三个性质） 3、两个高斯随机变量，它们的差是什么随机变量？其均值和方差呢？ 4、高斯随机变量的卷积是什么？
数学/PR - 概率论与随机过程	数学/PR - 概率论与随机过程/QUESTIONS.md	Q09	边缘 Gaussian 与联合 Gaussian	一个二维分布的两个边缘分布都是正态分布，这个二维分布一定是二维正态分布吗？	test/2012-面经_九字班1.pdf	0.833	regular	2012-面经_九字班1.pdf	一个二维分布，它的两个边缘分组都是正态分布，问这个二维分布是不是一定是二维正态 分布？ 一个拥有均匀概率密度的信号，通过一个 LTI 系统，得到的信号是否还一定拥有均匀概率
数学/PR - 概率论与随机过程	数学/PR - 概率论与随机过程/QUESTIONS.md	Q09	边缘 Gaussian 与联合 Gaussian	一个二维分布的两个边缘分布都是正态分布，这个二维分布一定是二维正态分布吗？	test/2012-面经_九字班2.pdf	0.833	regular	2012-面经_九字班2.pdf	一个二维分布，它的两个边缘分组都是正态分布，问这个二维分布是不是一定是二维正态 分布？ 一个拥有均匀概率密度的信号，通过一个 LTI 系统，得到的信号是否还一定拥有均匀概率
数学/PR - 概率论与随机过程	数学/PR - 概率论与随机过程/QUESTIONS.md	Q10	独立与不相关	独立与不相关有什么区别？什么情况下独立等价于不相关？	test/2019-推研面经-2.docx	0.947	regular	2019-推研面经-2.docx	6、解释一下中心极限定理 7、独立与不相关的区别 8、什么情况下独立等价于不相关
数学/PR - 概率论与随机过程	数学/PR - 概率论与随机过程/QUESTIONS.md	Q10	独立与不相关	不相关等价于独立对什么随机过程成立？为什么？	test/2019-推研面经-3.docx	0.889	regular	2019-推研面经-3.docx	快排算法的实现 【信号组】 不相关等价于独立是对什么随机过程成立的，为什么
数学/PR - 概率论与随机过程	数学/PR - 概率论与随机过程/QUESTIONS.md	Q11	随机变量、随机过程与平稳性	什么是宽平稳和严平稳？	test/2024-一字班推研面经-zcy.docx	1.0	regular	2024-一字班推研面经-zcy.docx	什么是大数定律？ 什么是中心极限定理？ 什么是宽平稳和严平稳？
数学/PR - 概率论与随机过程	数学/PR - 概率论与随机过程/QUESTIONS.md	Q11	随机变量、随机过程与平稳性	什么是宽平稳和严平稳？	test/2024-一字班推研面经-吴凌沨.pdf	0.625	regular	2024-一字班推研面经-吴凌沨.pdf	5. 计算机中的存储器有哪些？寄存器算存储器吗？寄存器有地址吗？ 5信号组？ 1. 知道什么是宽平稳过程吗？
数学/PR - 概率论与随机过程	数学/PR - 概率论与随机过程/QUESTIONS.md	Q11	随机变量、随机过程与平稳性	随机变量和随机过程有什么区别？可以用哪些数字特征研究随机过程？什么是宽平稳？还学过哪些平稳性？	test/2025-二字班推研面经-wj.pdf	0.857	regular	2025-二字班推研面经-wj.pdf	不认识老师 4 ：随机变量和随机过程有什么区别啊？ 我：随机过程多了一个时间维度，也就是给每一个时刻都指定了一个随机变量。 不认识老师 4 ：那我们可以用什么数字特征研究随机过程啊？
数学/PR - 概率论与随机过程	数学/PR - 概率论与随机过程/QUESTIONS.md	Q12	均匀分布随机输入通过 LTI 系统	一个具有均匀概率密度的信号通过 LTI 系统后，输出是否仍一定具有均匀概率分布？	test/2012-面经_九字班1.pdf	0.75	regular	2012-面经_九字班1.pdf	分布？ 一个拥有均匀概率密度的信号，通过一个 LTI 系统，得到的信号是否还一定拥有均匀概率 分布？
数学/PR - 概率论与随机过程	数学/PR - 概率论与随机过程/QUESTIONS.md	Q12	均匀分布随机输入通过 LTI 系统	一个具有均匀概率密度的信号通过 LTI 系统后，输出是否仍一定具有均匀概率分布？	test/2012-面经_九字班2.pdf	0.786	regular	2012-面经_九字班2.pdf	分布？ 一个拥有均匀概率密度的信号，通过一个 LTI 系统，得到的信号是否还一定拥有均匀概率 分布？
数学/PR - 概率论与随机过程	数学/PR - 概率论与随机过程/QUESTIONS.md	Q13	Poisson 过程的定义、样本轨道与平稳性	Poisson 过程是不是宽平稳过程？为什么？样本轨道是什么样的？Poisson 过程一定是计数过程吗？它的定义是什么？	test/2013-推研那点儿事（下）-魏特.pdf	0.844	regular	2013-推研那点儿事（下）-魏特.pdf	我：（呵呵了，对于各种性质的证明我一无所知……宽平稳的定义……猜猜看吧）因为它的均值和方差与时间有 关。 欧智坚老师：泊松过程的样本轨道是什么样的？
数学/PR - 概率论与随机过程	数学/PR - 概率论与随机过程/QUESTIONS.md	Q13	Poisson 过程的定义、样本轨道与平稳性	Poisson 过程是不是宽平稳过程？为什么？样本轨道是什么样的？Poisson 过程一定是计数过程吗？它的定义是什么？	test/2013-面经_零字班.pdf	0.875	regular	2013-面经_零字班.pdf	我：（呵呵了，对于各种性质的证明我一无所知……宽平稳的定义……猜猜看吧）因为它的 均值和方差与时间有关。 欧智坚老师：泊松过程的样本轨道是什么样的？
数学/PR - 概率论与随机过程	数学/PR - 概率论与随机过程/QUESTIONS.md	Q13	Poisson 过程的定义、样本轨道与平稳性	每天进入超市的学生人数能否视为 Poisson 过程？	test/2013-面试经历小结-黄博.pdf	0.706	regular	2013-面试经历小结-黄博.pdf	差不多。 信号这一组据说没有人不死的，我本着早死早超生的想法先去面了信号。有孟华东老师、潘长勇老师、张颢老 师、谷源涛老师、欧志坚老师。进去以后欧老师先问，将每天进入超市的学生人数视为随机过程……我前一天
数学/PR - 概率论与随机过程	数学/PR - 概率论与随机过程/QUESTIONS.md	Q13	Poisson 过程的定义、样本轨道与平稳性	每天进入超市的学生人数能否视为 Poisson 过程？	test/2013-面经_零字班.pdf	0.706	regular	2013-面经_零字班.pdf	信号这一组据说没有人不死的，我本着早死早超生的想法先去面了信号。有孟华东老师、 潘长勇老师、张颢老师、谷源涛老师、欧志坚老师。进去以后欧老师先问，将每天进入超 市的学生人数视为随机过程……我前一天刚复习过，马上抢答：我知道，泊松泊松！欧老
数学/PR - 概率论与随机过程	数学/PR - 概率论与随机过程/QUESTIONS.md	Q14	Markov 链的转移概率与 Poisson 过程的 Markov 性	Markov 链的转移概率是什么？什么是平稳转移概率？	test/2012-留下面经，造福众生-孟越.pdf	0.714	regular	2012-留下面经，造福众生-孟越.pdf	对我太好了！！果断没压力答出来后就没老师问了，大家大眼瞪小眼看了几秒钟之后……张颢老师抬头了……我 的心里瞬间一凉。张老师问你知道马尔科夫链吧？我说知道。他说那你说说转移概率是什么，我说就是一个状 态到另一个状态的概率。他说那平稳转移概率呢？我说就是和时间无关。张老师点点头，就又低下头去了。哇
数学/PR - 概率论与随机过程	数学/PR - 概率论与随机过程/QUESTIONS.md	Q14	Markov 链的转移概率与 Poisson 过程的 Markov 性	Markov 链的齐次性或平稳性是什么意思？Poisson 过程有 Markov 性吗？	test/2012-面经_九字班1.pdf	0.5	regular	2012-面经_九字班1.pdf	FFT 是如何减少工作量的？利用了旋转因子的什么特性？ 马尔科夫链的齐次性（平稳性） 泊松过程是否有马尔科夫性
数学/PR - 概率论与随机过程	数学/PR - 概率论与随机过程/QUESTIONS.md	Q14	Markov 链的转移概率与 Poisson 过程的 Markov 性	Markov 链的齐次性或平稳性是什么意思？Poisson 过程有 Markov 性吗？	test/2012-面经_九字班2.pdf	0.6	regular	2012-面经_九字班2.pdf	语音信号的抽样率是多少？滤波器的截止频率是多少？ 【随机过程】 马尔科夫链的齐次性（平稳性）
数学/PR - 概率论与随机过程	数学/PR - 概率论与随机过程/QUESTIONS.md	Q15	Neyman–Pearson 准则	统计信号处理中的 Neyman–Pearson 准则是什么？	test/2023-0字班推研面经-李响.pdf	0.769	regular	2023-0字班推研面经-李响.pdf	简历强相关！！！ 英语自我介绍，英语问答 4 分钟，具体问的什么已经忘了，不是很难，会针对自我介绍提问。 1. 统计信号处理里的 NP 准则是什么？
数学/PR - 概率论与随机过程	数学/PR - 概率论与随机过程/QUESTIONS.md	Q16	多次卷积与中心极限定理	两个 Gaussian 函数卷积后是否仍为 Gaussian，方差怎样变化？	test/2017-面试经验-陈誉博.docx	0.353	regular	2017-面试经验-陈誉博.docx	一个高斯信号和另一个高斯信号的卷积是高斯信号吗？为什么？ 是高斯信号，因为高斯信号的频谱也是高斯信号，卷积相当于频域相乘，两个高斯函数乘在一起还是高斯函数，变换回时域的话还是高斯信号。 两个标准正态分布做卷积，结果的方差变大还是变小？
数学/PR - 概率论与随机过程	数学/PR - 概率论与随机过程/QUESTIONS.md	Q16	多次卷积与中心极限定理	两个相同矩形脉冲卷积是什么形状，不同宽度时呢？三个以及成千上万个矩形脉冲连续卷积后怎样？	test/2020-七字班推研面经-曾锦薇.pdf	0.306	regular	2020-七字班推研面经-曾锦薇.pdf	⾕谷哥哥⾸首先问了了我卷积的定义和物理理意义。 然后问我两个相同矩形⽅方波的卷积结果的形状，我说三⻆角波； ⾕谷哥哥接着问我了了两个不不同矩形⽅方波的卷积结果，应该是梯形。（我在脑海海中仔细
数学/PR - 概率论与随机过程	数学/PR - 概率论与随机过程/QUESTIONS.md	Q16	多次卷积与中心极限定理	两个相同矩形脉冲卷积是什么形状，不同宽度时呢？三个以及成千上万个矩形脉冲连续卷积后怎样？	test/2023-0字班推研面经-李响.pdf	0.333	regular	2023-0字班推研面经-李响.pdf	3. 两个一摸一样的矩形波卷积是什么波形？ 3. 三个呢？ 4. 成千上万个呢？
数学/PR - 概率论与随机过程	数学/PR - 概率论与随机过程/QUESTIONS.md	Q17	频谱与功率谱的关系	功率谱与频谱有什么关系？	test/2018_面试整体情况.docx	0.8	regular	2018_面试整体情况.docx	10、如果编码效率相同，什么因素可以衡量编码的性能？（最小码距）如果希望能纠X位错误，最小码距有什么要求？ 11、两个独立同分布高斯变量，是什么分布？是什么分布？ 12、功率谱和频谱有什么关系？
物理/EM - 电磁场与波	物理/EM - 电磁场与波/QUESTIONS.md	Q01	Maxwell 方程组与位移电流	写出 Maxwell 方程组，并说明各方程的物理意义。	test/2012-面经_九字班2.pdf	0.467	regular	2012-面经_九字班2.pdf	电偶极子远区辐射场分布，及各刨面图 静电场中，▽╳E=??,有什么物理意义? 写麦克斯韦方程组。
物理/EM - 电磁场与波	物理/EM - 电磁场与波/QUESTIONS.md	Q01	Maxwell 方程组与位移电流	写出 Maxwell 方程组，并说明各方程的物理意义。	test/2022-九字班九字班推研面经-2.docx	0.2	regular	2022-九字班九字班推研面经-2.docx	Why do you choose communication as your major? 专业面试： 首先电磁场：简述一下Maxwell方程和其意义？  Maxwell方程能够推出本构关系吗？ (本构关系要么没讲要么忘了 只能乱说了) 忘记了一个问题，等着补
物理/EM - 电磁场与波	物理/EM - 电磁场与波/QUESTIONS.md	Q01	Maxwell 方程组与位移电流	写出 Maxwell—Ampère 方程，说明位移电流项的物理意义。	test/2021-八字班推研面经-贾文彬.docx	0.562	regular	2021-八字班推研面经-贾文彬.docx	本征半导体和掺杂半导体的费米能级一样吗？ 温度升高，本征半导体的费米能级怎么变化？ 说一下麦克斯韦方程组中关于位移电流的那一条。位移电流的物理意义是什么？
物理/EM - 电磁场与波	物理/EM - 电磁场与波/QUESTIONS.md	Q02	Maxwell 方程的积分形式与微分形式	Maxwell 方程的积分形式和微分形式哪个适用范围更广？理想导体边界处场不连续时应怎样理解？	test/2021-八字班推研面经-贾文彬.docx	0.486	regular	2021-八字班推研面经-贾文彬.docx	说一下麦克斯韦方程组中关于位移电流的那一条。位移电流的物理意义是什么？ 你觉得麦克斯韦方程组的微分形式还是积分形式适用范围更广？为什么？（我略加思考，憨住并答了微分，因为微分展示了局部的性质） 想象一个理想导体边界，电场和磁场谁连续谁不连续？不连续的话，微分形式还有意义吗？（我憨住，对不起老师应该是积分形式适用范围更广）
物理/EM - 电磁场与波	物理/EM - 电磁场与波/QUESTIONS.md	Q03	Faraday 电磁感应定律	写出 Faraday 电磁感应定律，并说明负号的含义。	test/2013-面试经历小结-黄博.pdf	0.375	regular	2013-面试经历小结-黄博.pdf	就到了。 最后面微波。只认识孙长征老师和冯雪老师，据说有汪莱老师，不过不认识。长征哥哥先问知道法拉第电磁感 应定律吧，写写方程。我当时脑抽了一下（主要是到饭点饿了。。。）没反应过来，长征哥哥提示说麦克斯韦
物理/EM - 电磁场与波	物理/EM - 电磁场与波/QUESTIONS.md	Q03	Faraday 电磁感应定律	写出 Faraday 电磁感应定律，并说明负号的含义。	test/2024-一字班推研面经-lym.pdf	0.312	regular	2024-一字班推研面经-lym.pdf	弛豫时间和什么有关？ 怎么改变费米能级？除了温度呢？ 法拉第电磁感应定律
物理/EM - 电磁场与波	物理/EM - 电磁场与波/QUESTIONS.md	Q04	Ampère 环路定律	写出 Ampère 定律，并说明怎样使用。	test/2014-面经_二字班.pdf	0.182	regular	2014-面经_二字班.pdf	老师：不用了，说两个就行了。 我：（那就好= =）（换电磁场） 老师：知道安培定律么，写一下。
物理/EM - 电磁场与波	物理/EM - 电磁场与波/QUESTIONS.md	Q05	Lorentz 力	什么是 Lorentz 力？	test/2009-推研资料.docx	0.5	regular	2009-推研资料.docx	113、网格编码调制TCM的优点是什么？ 答：网络编码调制(Trellis Coded Modulation-TCM)将纠错编码与调制技术相结合，它能够保证在不降低信息传输速率、不增加信道频带宽度的前提下，获得可观的编码增益，提高了整个系统的误码性能。 114、什么是Turbo码？
物理/EM - 电磁场与波	物理/EM - 电磁场与波/QUESTIONS.md	Q06	Maxwell 方程与本构关系	Maxwell 方程能够推出本构关系吗？	test/2022-九字班九字班推研面经-2.docx	1.0	regular	2022-九字班九字班推研面经-2.docx	Why do you choose communication as your major? 专业面试： 首先电磁场：简述一下Maxwell方程和其意义？  Maxwell方程能够推出本构关系吗？ (本构关系要么没讲要么忘了 只能乱说了) 忘记了一个问题，等着补
物理/EM - 电磁场与波	物理/EM - 电磁场与波/QUESTIONS.md	Q07	导体静电平衡与理想导体边界	导体达到静电平衡后有哪些特征？内部与表面的电场怎样？	test/2012-面经_九字班2.pdf	0.522	regular	2012-面经_九字班2.pdf	【电磁场与波】 导体在静电感应平衡之后的特征（表面电场垂直于表面、感应电荷分布在表面、内部没有 电场、表面等势等等）。。导体的电导率不一样对上述特征有什么影响。
物理/EM - 电磁场与波	物理/EM - 电磁场与波/QUESTIONS.md	Q07	导体静电平衡与理想导体边界	导体达到静电平衡后有哪些特征？内部与表面的电场怎样？	test/2020-七字班推研面经-潘美竹.docx	0.435	regular	2020-七字班推研面经-潘美竹.docx	介质表面的E/H条件 静电屏蔽、静电平衡 静电平衡的导体，表面的电场和磁场方向？
物理/EM - 电磁场与波	物理/EM - 电磁场与波/QUESTIONS.md	Q07	导体静电平衡与理想导体边界	理想导体表面满足哪些边界条件？	test/2024-一字班推研面经-zcy.docx	0.615	regular	2024-一字班推研面经-zcy.docx	均匀介质极化之后，电荷如何分布？ 非均匀介质极化之后，电荷如何分布？ 理想导体的边界条件？
物理/EM - 电磁场与波	物理/EM - 电磁场与波/QUESTIONS.md	Q07	导体静电平衡与理想导体边界	理想导体表面满足哪些边界条件？	test/2024-一字班推研面经-yj自行整理.zip	0.538	zip-interview	2024-一字班推研面经-yj自行整理.zip::面经-yj自行整理/markdown/推研面经2024.md	6.波长更短的光频率怎么样？（更高）能量呢？（更高）（然后开始改口，固物结束） 然后右侧的一个不认识的老师开始问电磁场： 7.理想导体的边界条件？
物理/EM - 电磁场与波	物理/EM - 电磁场与波/QUESTIONS.md	Q08	极化强度与束缚电荷	什么是电极化强度？均匀极化和非均匀极化分别会产生怎样的束缚电荷？	test/2024-一字班推研面经-zcy.docx	0.32	regular	2024-一字班推研面经-zcy.docx	什么是介质的极化？ 均匀介质极化之后，电荷如何分布？ 非均匀介质极化之后，电荷如何分布？
物理/EM - 电磁场与波	物理/EM - 电磁场与波/QUESTIONS.md	Q08	极化强度与束缚电荷	什么是电极化强度？均匀极化和非均匀极化分别会产生怎样的束缚电荷？	test/2024-一字班推研面经-yj自行整理.zip	0.28	zip-interview	2024-一字班推研面经-yj自行整理.zip::面经-yj自行整理/markdown/推研面经2024.md	然后右侧的一个不认识的老师开始问电磁场： 7.理想导体的边界条件？ 8.简述一下什么是电极化矢量？（建议电磁场好好看看一些物理量是怎么定义和推导的）
物理/EM - 电磁场与波	物理/EM - 电磁场与波/QUESTIONS.md	Q08	极化强度与束缚电荷	什么是电极化强度？均匀极化和非均匀极化分别会产生怎样的束缚电荷？	test/2024-一字班推研面经-lym.pdf	0.2	regular	2024-一字班推研面经-lym.pdf	法拉第电磁感应定律 极化、极化强度 一根无线长直线密布着正电荷，电场什么样？
物理/EM - 电磁场与波	物理/EM - 电磁场与波/QUESTIONS.md	Q09	带电导体的尖端效应	一根带电的针上，什么位置电荷密度最大，什么位置电场强度最大？	test/2024-一字班推研面经-李羿璇.pdf	0.45	regular	2024-一字班推研面经-李羿璇.pdf	fx：迁移率由什么决定？（）弛豫时间是什么？由什么因素决定？物理意义是什么？ 冯⽼师会给你搞烟雾弹，你答对了他⽤诡异的笑容盯着你，然后问你“真的是这样么”，⼀定不能被吓到（ 不认识⽼师：背⼀遍静电场的⾼斯定理？带电的针，它的什么地⽅电荷量最⼤？什么地⽅电场强度最⼤？⼀个⾦属盘在
物理/EM - 电磁场与波	物理/EM - 电磁场与波/QUESTIONS.md	Q09	带电导体的尖端效应	一根带电的针上，什么位置电荷密度最大，什么位置电场强度最大？	test/2024-一字班推研面经-lym.pdf	0.4	regular	2024-一字班推研面经-lym.pdf	极化、极化强度 一根无线长直线密布着正电荷，电场什么样？ 一根针上面分布着正电荷，电场什么样？哪里强度最大？
物理/EM - 电磁场与波	物理/EM - 电磁场与波/QUESTIONS.md	Q10	本征阻抗与有耗介质中的传播	什么是介质的本征阻抗？电磁波在有耗介质中怎样传播？	test/2013-面经_零字班.pdf	0.667	regular	2013-面经_零字班.pdf	我：（终于想起了上学期被我写在 A4 纸上带去考试的那两个不认识的单词）啊，好像叫 in 什么 impedance。（注：intrinsic impedance） 长征 GG：（微微一笑）叫特征阻抗是吧……那电磁波在有损媒质中传播会出现什么现象？
物理/EM - 电磁场与波	物理/EM - 电磁场与波/QUESTIONS.md	Q11	Poynting 矢量与时均功率	电磁波的能量传播由什么量决定？	test/2012-面经_九字班2.pdf	0.692	regular	2012-面经_九字班2.pdf	电磁波传播过程中，能量的传播决定于什么？ 什么是反射系数和驻波系数，什么符号、关系如何、取值范围； 驻波、行波的定义和波腹、波节
物理/EM - 电磁场与波	物理/EM - 电磁场与波/QUESTIONS.md	Q11	Poynting 矢量与时均功率	写出时均 Poynting 矢量，并解释为什么有 $1/2$。	test/2014-记一次人品大爆发-郭开元.pdf	0.385	regular	2014-记一次人品大爆发-郭开元.pdf	1.电偶极子辐射强度的空间分布。（因为被剧透了所以知道……） 2.电偶极子辐射远场的电场方向。（全都忘了……） 3.坡印廷矢量平均值的计算公式，以及为什么有个1/2
物理/EM - 电磁场与波	物理/EM - 电磁场与波/QUESTIONS.md	Q12	行波与驻波	什么是驻波和行波？二者有什么区别？	test/2012-面经_九字班2.pdf	0.692	regular	2012-面经_九字班2.pdf	电磁波传播过程中，能量的传播决定于什么？ 什么是反射系数和驻波系数，什么符号、关系如何、取值范围； 驻波、行波的定义和波腹、波节
物理/EM - 电磁场与波	物理/EM - 电磁场与波/QUESTIONS.md	Q13	相速度与群速度	什么是相速度和群速度？二者有什么区别？	test/2022面试问题_sy.docx	0.571	regular	2022面试问题_sy.docx	对于功率受限的系统，AM还有另外几个调制方式（我没听清楚）你选择哪一种？ 相速度和群速度的区别？ CSMA全称是什么？CSMA/CD和/CSMA/CA分别是？
物理/EM - 电磁场与波	物理/EM - 电磁场与波/QUESTIONS.md	Q14	复折射率与金属中的传播	折射率一定是实数吗？金属的折射率应怎样理解？	test/2022面试问题_sy.docx	0.647	regular	2022面试问题_sy.docx	FM，FSK，FDM分别是什么 4FSK和4FDM等价吗 折射率一定是实数吗，可不可以是复数？金属的折射率是实数还是复数？
物理/EM - 电磁场与波	物理/EM - 电磁场与波/QUESTIONS.md	Q15	趋肤效应与高频导体损耗	什么是趋肤效应？	test/2024-一字班推研面经-lym.pdf	0.667	regular	2024-一字班推研面经-lym.pdf	趋肤效应 面试结束已经是十二点了，和一些同学互通了问题，大家说的最多的话是 “ 怎么没问我这个呢？ ” 。不知 道为什么问别人的问题自己都会，问自己的问题自己都不会，就好像老师能精准知道你不会什么一样。
物理/EM - 电磁场与波	物理/EM - 电磁场与波/QUESTIONS.md	Q15	趋肤效应与高频导体损耗	高频电磁波和低频电磁波相比，哪一种在导体中的损耗更大？	test/2024-一字班推研面经-李羿璇.pdf	0.286	regular	2024-一字班推研面经-李羿璇.pdf	冯⽼师会给你搞烟雾弹，你答对了他⽤诡异的笑容盯着你，然后问你“真的是这样么”，⼀定不能被吓到（ 不认识⽼师：背⼀遍静电场的⾼斯定理？带电的针，它的什么地⽅电荷量最⼤？什么地⽅电场强度最⼤？⼀个⾦属盘在 静磁场中转会发⽣什么？⾼频电磁波损耗⼤还是低频电磁波损耗⼤？
物理/EM - 电磁场与波	物理/EM - 电磁场与波/QUESTIONS.md	Q16	全反射临界角与 Brewster 角	什么是全反射临界角和 Brewster 角？它们各自在什么条件下存在？	test/2013-面经_零字班.pdf	0.455	regular	2013-面经_零字班.pdf	我：当垂直极化波投射时，如果入射角大于临界角，就会发生全反射，没有折射波，会产 生表面波。 长征 GG：那这两个介质要满足什么条件？
物理/EM - 电磁场与波	物理/EM - 电磁场与波/QUESTIONS.md	Q17	光从光疏介质射向光密介质时的半波损失	光从光疏介质射向光密介质时，反射光的振幅和强度怎样变化？什么是半波损失？	test/2017-面试经验-陈誉博.docx	0.581	regular	2017-面试经验-陈誉博.docx	一开始说的光疏，老师重复了一遍我的回答之后我突然想起来好像不太对，就改成了光密介质折射率大。 现在有一个光密介质和光疏介质，从其中一个介质向另一个介质垂直入射电磁波，然后发生反射，现在有两种入射情况。那这两种的强度反射系数怎么样？ 我一开始没太听清题，就直接说1或者-1；后来老师重复了一下是强度反射系数，我反应过来，应该是1，强度不变；然后老师又问幅度反射系数怎么样？我说这回是1或者-1；老师说为什么？我说从光疏介质射向光密介质的时候电磁波的相位会发生180°的变化。老师问我
物理/EM - 电磁场与波	物理/EM - 电磁场与波/QUESTIONS.md	Q18	常见传输线及其适用条件	常见的传输线有哪些？为什么高频电路要用传输线模型？	test/2009-推研资料.docx	0.55	regular	2009-推研资料.docx	1、通信的目的是什么？ 答：通信的目的是实现信息的传输与交换。 2、一个通信系统一般有哪些部分构成？
物理/EM - 电磁场与波	物理/EM - 电磁场与波/QUESTIONS.md	Q18	常见传输线及其适用条件	常见的传输线有哪些？为什么高频电路要用传输线模型？	test/2014-一字班推研那点事儿（2）-宗泽宇.pdf	0.3	regular	2014-一字班推研那点事儿（2）-宗泽宇.pdf	1、传输线举例 2、为什么微带线是准TEM模 3、微带线如果过于厚，高频会怎么样
物理/EM - 电磁场与波	物理/EM - 电磁场与波/QUESTIONS.md	Q19	四分之一波长变换器与 Smith 圆图	四分之一波长传输线有什么用途？在 Smith 圆图上怎样移动？	test/2009-推研资料.docx	0.455	regular	2009-推研资料.docx	13.波长/4传输线在微波里面的应用？在史密斯圆上怎么表示移动了波长/4？ 我：@#￥￥#%￥#%…… 最后在黑板上画了画那个点在史密斯圆图的移动方式。一开始我差点答成在阻抗圆上顺时针移动。后来想了想，还是画在等gamma圆上了，事实上考点就是这个。最后出来问city姐，得知是对的。
物理/EM - 电磁场与波	物理/EM - 电磁场与波/QUESTIONS.md	Q19	四分之一波长变换器与 Smith 圆图	四分之一波长传输线有什么用途？在 Smith 圆图上怎样移动？	test/2012-留下面经，造福众生-孟越.pdf	0.273	regular	2012-留下面经，造福众生-孟越.pdf	觉老师们的表情很不以为然的样子，不知道是不是答错了……有会的就留言告诉我吧。接着又一个老师问史密 斯圆图上随便给一个点，用1/4波长变化器和其他任意元件如何调匹配，我说搭一个双线调配器，老师们表示 也对，但是太麻烦……有知道简单方法的也给我留言吧……最后汪莱老师问我手机的相机和闪光灯里面都有什么
物理/EM - 电磁场与波	物理/EM - 电磁场与波/QUESTIONS.md	Q19	四分之一波长变换器与 Smith 圆图	四分之一波长传输线有什么用途？在 Smith 圆图上怎样移动？	test/2012-面经_九字班2.pdf	0.455	regular	2012-面经_九字班2.pdf	13.波长/4 传输线在微波里面的应用？在史密斯圆上怎么表示移动了波长/4？ 我：@#￥￥#%￥#%…… 最后在黑板上画了画那个点在史密斯圆图的移动方式。一开始我差点答成在阻抗圆上顺时
物理/EM - 电磁场与波	物理/EM - 电磁场与波/QUESTIONS.md	Q20	微带线为什么是准 TEM 模	为什么微带线传播准 TEM 模而不是严格 TEM 模？基板变厚或频率升高后会出现什么问题？什么是微带表面波？	test/2014-一字班推研那点事儿（2）-宗泽宇.pdf	0.316	regular	2014-一字班推研那点事儿（2）-宗泽宇.pdf	2、为什么微带线是准TEM模 3、微带线如果过于厚，高频会怎么样 4、微带线表面波
物理/EM - 电磁场与波	物理/EM - 电磁场与波/QUESTIONS.md	Q21	S 参数与 $S_{21}$ 测量	怎样测量一个微波网络的 $S_{21}$？	test/2014-一字班推研那点事儿（2）-宗泽宇.pdf	0.5	regular	2014-一字班推研那点事儿（2）-宗泽宇.pdf	3、微带线如果过于厚，高频会怎么样 4、微带线表面波 5、测量微波网络S21
物理/EM - 电磁场与波	物理/EM - 电磁场与波/QUESTIONS.md	Q22	波导模式、TE／TM／TEM 与截止	什么是波导模式？TEM 模的截止频率是多少？	test/2021-八字班推研面经-涂晨昕.docx	0.812	regular	2021-八字班推研面经-涂晨昕.docx	什么是模式？——波导的模式吗？ 是的，说说什么是波导的模式？ ——解释了一下波导模式，然后说TE波主模就是TE11模 TEM波的截止频率？——0
物理/EM - 电磁场与波	物理/EM - 电磁场与波/QUESTIONS.md	Q22	波导模式、TE／TM／TEM 与截止	矩形金属波导能否传播 TEM 模？为什么？	test/2020-七字班推研面经-潘美竹.docx	0.429	regular	2020-七字班推研面经-潘美竹.docx	为什么矩形波导一般是空心的？ 矩形波导塞介质后，截止频率怎么变？ 同轴线能量是沿金属还是介质传导？为什么？
物理/EM - 电磁场与波	物理/EM - 电磁场与波/QUESTIONS.md	Q22	波导模式、TE／TM／TEM 与截止	矩形金属波导能否传播 TEM 模？为什么？	test/2024-一字班推研面经-zcy.docx	0.571	regular	2024-一字班推研面经-zcy.docx	说说位移电流的定义和公式？ 说说高斯定理？ 矩形波导能够支持TEM模吗？
物理/EM - 电磁场与波	物理/EM - 电磁场与波/QUESTIONS.md	Q23	矩形与圆波导的主模	矩形波导和圆波导的主模分别是什么？场怎样分布？	test/2009-推研资料.docx	0.632	regular	2009-推研资料.docx	10.微波里面有哪些常用的传输线？ 我只答了传输双线，波导，同轴线。然后就打住了。老师又问： 11.还记得波导吗？矩形波导的主模和圆波导的主模？
物理/EM - 电磁场与波	物理/EM - 电磁场与波/QUESTIONS.md	Q23	矩形与圆波导的主模	矩形波导和圆波导的主模分别是什么？场怎样分布？	test/2012-面经_九字班2.pdf	0.632	regular	2012-面经_九字班2.pdf	在小黑板上画波导模式 回答矩形波导和圆波导的基模并画出场型。 矩形波导里传输的最低模式是什么？
物理/EM - 电磁场与波	物理/EM - 电磁场与波/QUESTIONS.md	Q24	波导模式的耦合、抑制与转换	怎样向矩形波导中耦合能量？若要传播 $\mathrm{TE}_{20}$ 模，怎样抑制 $\mathrm{TE}_{10}$ 模？	test/2012-面经_九字班2.pdf	0.35	regular	2012-面经_九字班2.pdf	各种传输线的模式 一个矩形波导怎么耦合进去能量 矩形波导为了传输 TE20 怎么抑制 TE10
物理/EM - 电磁场与波	物理/EM - 电磁场与波/QUESTIONS.md	Q24	波导模式的耦合、抑制与转换	不同波导模式能否相互转换？	test/2009-推研资料.docx	0.727	regular	2009-推研资料.docx	反正老师们也没认真听。最后恍然大悟，这是实时采样进行计算的，所以复杂度和N没啥关系。好像是对的，因为老师们就叫我走了。 4）微波电磁场 这个组是最主流的了，老师我就记得张志军老师了，问的全是以前课堂学的基本知识，还有让你在小黑板上画波导模式或者写麦克斯韦方程什么的，只要复习好了大概就不会有什么问题。
物理/EM - 电磁场与波	物理/EM - 电磁场与波/QUESTIONS.md	Q24	波导模式的耦合、抑制与转换	不同波导模式能否相互转换？	test/2012-面经_九字班2.pdf	0.727	regular	2012-面经_九字班2.pdf	矩形波导为了传输 TE20 怎么抑制 TE10 圆波导，一个线极化的波怎么能弄成圆极化的？ 在小黑板上画波导模式
物理/EM - 电磁场与波	物理/EM - 电磁场与波/QUESTIONS.md	Q25	光作为电磁波在光纤中的传播	光是电磁波吗？光怎样在光纤中传播？能否从电磁波角度解释？	test/2022-九字班推研面经-1.docx	0.773	regular	2022-九字班推研面经-1.docx	第二个老师：光是电磁波吗？光怎么在光纤里传播？能从电磁波的角度解释一下吗？（没理解最后一个问题） glgg：所幸glgg没问通电的问题，而是问了好多ADC相关的问题（简历相关，我在简历里重点讲了自己做过ADC相关的大作业和实习，这也是个小技巧，可以通过简历和自我介绍引导老师提问自己的主攻方向） ggg就问了一个问题：能否从系统的角度分析一下ADC采样率和bit数的折衷？（简历相关，我一开始一头雾水，后来想了想就解释了一下Warden FoM）
物理/EM - 电磁场与波	物理/EM - 电磁场与波/QUESTIONS.md	Q26	光纤色散与脉冲展宽	什么是色散？单色光被调制成脉冲后在光纤中传播会不会展宽？	test/2012-面经_九字班2.pdf	0.68	regular	2012-面经_九字班2.pdf	你知道的激光器有哪些种？它们各自有什么特点？ 什么叫色散？一个单色光，被调制成一个脉冲以后放到光纤里面传输? 会不会展宽？
物理/EM - 电磁场与波	物理/EM - 电磁场与波/QUESTIONS.md	Q27	电偶极子辐射与极化匹配	电偶极子在哪些方向辐射最强、哪些方向最弱？远区电场沿什么方向？	test/2012-留下面经，造福众生-孟越.pdf	0.304	regular	2012-留下面经，造福众生-孟越.pdf	文华老师，熊兵老师，汪莱老师和不认识老师（据说之前有黄翊东老师，但我进去的时候没在）。开始一个不 认识的老师问一个电偶极子产生的场，哪个方向强，哪个方向弱，还算简单，顺利答出，然后又说一偶极子天 线辐射电磁波，在旁边再垂直的放一偶极子天线，问能不能接收到，我说不能，因为极化方向不一样，可是感
物理/EM - 电磁场与波	物理/EM - 电磁场与波/QUESTIONS.md	Q27	电偶极子辐射与极化匹配	电偶极子在哪些方向辐射最强、哪些方向最弱？远区电场沿什么方向？	test/2014-记一次人品大爆发-郭开元.pdf	0.348	regular	2014-记一次人品大爆发-郭开元.pdf	1.电偶极子辐射强度的空间分布。（因为被剧透了所以知道……） 2.电偶极子辐射远场的电场方向。（全都忘了……） 3.坡印廷矢量平均值的计算公式，以及为什么有个1/2
物理/EM - 电磁场与波	物理/EM - 电磁场与波/QUESTIONS.md	Q27	电偶极子辐射与极化匹配	放置一个与发射偶极子正交的偶极天线，能否接收到信号？	test/2012-留下面经，造福众生-孟越.pdf	0.318	regular	2012-留下面经，造福众生-孟越.pdf	文华老师，熊兵老师，汪莱老师和不认识老师（据说之前有黄翊东老师，但我进去的时候没在）。开始一个不 认识的老师问一个电偶极子产生的场，哪个方向强，哪个方向弱，还算简单，顺利答出，然后又说一偶极子天 线辐射电磁波，在旁边再垂直的放一偶极子天线，问能不能接收到，我说不能，因为极化方向不一样，可是感
物理/EM - 电磁场与波	物理/EM - 电磁场与波/QUESTIONS.md	Q28	磁偶极子辐射功率的频率依赖	磁偶极子的辐射功率与频率有什么关系？	test/2013-面经_零字班.pdf	0.875	regular	2013-面经_零字班.pdf	问知道法拉第电磁感应定律吧，写写方程。我当时脑抽了一下（主要是到饭点饿 了。。。）没反应过来，长征哥哥提示说麦克斯韦方程，我马上反应过来是第一个磁生电 的式子。随后又问到了磁偶极子的辐射功率跟频率有什么关系（四次方），还有天为什么
物理/EM - 电磁场与波	物理/EM - 电磁场与波/QUESTIONS.md	Q28	磁偶极子辐射功率的频率依赖	磁偶极子的辐射功率与频率有什么关系？	test/2013-面试经历小结-黄博.pdf	0.875	regular	2013-面试经历小结-黄博.pdf	最后面微波。只认识孙长征老师和冯雪老师，据说有汪莱老师，不过不认识。长征哥哥先问知道法拉第电磁感 应定律吧，写写方程。我当时脑抽了一下（主要是到饭点饿了。。。）没反应过来，长征哥哥提示说麦克斯韦 方程，我马上反应过来是第一个磁生电的式子。随后又问到了磁偶极子的辐射功率跟频率有什么关系（四次方
物理/EM - 电磁场与波	物理/EM - 电磁场与波/QUESTIONS.md	Q29	天空为什么呈蓝色	天空为什么是蓝色的？	test/2013-面经_零字班.pdf	0.5	regular	2013-面经_零字班.pdf	了。。。）没反应过来，长征哥哥提示说麦克斯韦方程，我马上反应过来是第一个磁生电 的式子。随后又问到了磁偶极子的辐射功率跟频率有什么关系（四次方），还有天为什么 是蓝的（瑞利散射），电磁场这边就完了。然后冯雪老师开始，问为什么要掺杂，好处有
物理/EM - 电磁场与波	物理/EM - 电磁场与波/QUESTIONS.md	Q29	天空为什么呈蓝色	天空为什么是蓝色的？	test/2013-面试经历小结-黄博.pdf	0.5	regular	2013-面试经历小结-黄博.pdf	应定律吧，写写方程。我当时脑抽了一下（主要是到饭点饿了。。。）没反应过来，长征哥哥提示说麦克斯韦 方程，我马上反应过来是第一个磁生电的式子。随后又问到了磁偶极子的辐射功率跟频率有什么关系（四次方 ），还有天为什么是蓝的（瑞利散射），电磁场这边就完了。然后冯雪老师开始，问为什么要掺杂，好处有哪
物理/EM - 电磁场与波	物理/EM - 电磁场与波/QUESTIONS.md	Q29	天空为什么呈蓝色	天空为什么是蓝色的？	test/2024-一字班推研面经-yj自行整理.zip	0.5	zip-interview	2024-一字班推研面经-yj自行整理.zip::面经-yj自行整理/markdown/推研面经2024.md	郝志彪老师问：9.微波炉为什么能加热？（我：.......电磁波有能量？.......内心os：真不会啊。。。） 10.那一张纸能不能加热？一杯水能不能加热？它俩的区别是什么？（开始瞎扯：介电常数不同.......) 11.天为什么是蓝的？（响铃结束）
物理/EM - 电磁场与波	物理/EM - 电磁场与波/QUESTIONS.md	Q30	微波炉的介质加热	微波炉为什么能够加热食物？把纸和水放在微波炉中时，二者有什么不同？	test/2024-一字班推研面经-yj自行整理.zip	0.346	zip-interview	2024-一字班推研面经-yj自行整理.zip::面经-yj自行整理/markdown/推研面经2024.md	8.简述一下什么是电极化矢量？（建议电磁场好好看看一些物理量是怎么定义和推导的） 郝志彪老师问：9.微波炉为什么能加热？（我：.......电磁波有能量？.......内心os：真不会啊。。。） 10.那一张纸能不能加热？一杯水能不能加热？它俩的区别是什么？（开始瞎扯：介电常数不同.......)
物理/EM - 电磁场与波	物理/EM - 电磁场与波/QUESTIONS.md	Q31	Schrödinger 方程与 Maxwell 方程描述的波	量子力学和电动力学中最重要的方程分别叫什么？它们描述的波有什么相同和不同？	test/2020-七字班推研面经-潘美竹.docx	0.719	regular	2020-七字班推研面经-潘美竹.docx	量子力学里最重要的公式叫什么？ 电动力学里最重要的公式叫什么？ 这两个描述的波有什么相同和不同?
物理/QS - 量子与统计	物理/QS - 量子与统计/QUESTIONS.md	Q01	电子波函数及其物理意义	说明电子波函数。	test/2020-七字班推研面经-2.docx	0.667	regular	2020-七字班推研面经-2.docx	计算机：debug和release差别，debug没报错release报错的原因，函数参数的读取顺序，栈的应用，递归和栈的关系； 信号与系统：卷积概念，各种函数的傅里叶变换、卷积 电磁场与物理：平面波与球面波的区别，电子波函数，PN结的形成，PN结中载流子的迁移、扩散概念等。
物理/QS - 量子与统计	物理/QS - 量子与统计/QUESTIONS.md	Q02	Schrödinger 方程与 Maxwell 方程描述的波	量子力学和电动力学中最重要的方程分别叫什么？它们描述的波有什么相同和不同？	test/2020-七字班推研面经-潘美竹.docx	0.719	regular	2020-七字班推研面经-潘美竹.docx	量子力学里最重要的公式叫什么？ 电动力学里最重要的公式叫什么？ 这两个描述的波有什么相同和不同?
物理/QS - 量子与统计	物理/QS - 量子与统计/QUESTIONS.md	Q03	量子计算机的原理与适用优势	量子计算机与传统计算机相比有什么优点和区别？量子计算机的原理是什么？	test/2020-七字班推研面经-潘美竹.docx	0.833	regular	2020-七字班推研面经-潘美竹.docx	开辟void动态内存，如果转为其他数字类型会发生什么？ 量子计算机和传统计算机相比有什么优点，有什么区别？ 量子计算机的原理
物理/QS - 量子与统计	物理/QS - 量子与统计/QUESTIONS.md	Q04	电子、光子、声子与跃迁守恒律	解释电子、光子和声子的区别。电子跃迁发射光子时满足哪些守恒律？	test/2022面试问题_sy.docx	0.8	regular	2022面试问题_sy.docx	Introduce AI? The future of  AI？ 解释电子、光子、声子的区别？电子跃迁发射光子时满足什么守恒
物理/QS - 量子与统计	物理/QS - 量子与统计/QUESTIONS.md	Q05	Fermi 能级、Fermi 能量与化学势	什么是 Fermi 能级？它与 Fermi 能量、化学势有什么区别？所有物质包括非晶体都有 Fermi 能级吗？	test/2018_面试整体情况.docx	0.276	regular	2018_面试整体情况.docx	7、（拿了一块PCB板问我）这是什么板子？上面都有什么器件？和你实验中所用的面包板相比有什么优势？面包板的最高使用频率是多少？ 8、（拿了两个长得像接在频谱仪的插口）这个是什么端口？这两个端口一大一小，它们的区别是什么？ 9、什么是摩尔定律？
物理/QS - 量子与统计	物理/QS - 量子与统计/QUESTIONS.md	Q05	Fermi 能级、Fermi 能量与化学势	什么是 Fermi 能级？它与 Fermi 能量、化学势有什么区别？所有物质包括非晶体都有 Fermi 能级吗？	test/2024-一字班推研面经-zcy.docx	0.414	regular	2024-一字班推研面经-zcy.docx	费米能级和费米能量有什么区别？ 费米能级的物理意义？ 什么是系统的化学势？
物理/QS - 量子与统计	物理/QS - 量子与统计/QUESTIONS.md	Q05	Fermi 能级、Fermi 能量与化学势	什么是 Fermi 能级？它与 Fermi 能量、化学势有什么区别？所有物质包括非晶体都有 Fermi 能级吗？	test/2025-二字班推研面经-ljh.docx	0.345	regular	2025-二字班推研面经-ljh.docx	4.电磁场和固体物理组 不认识老师：什么是格波？长波极限的声学波代表什么？光学波和声学波是什么关系？德拜理论是为了研究晶体的什么性质？他随温度怎么变化？ 不认识老师2:解释一下费米能级，所有物质都有费米能级吗？（我回答可能只有晶体有）非晶体就没有费米能级吗？（我不知道）
物理/QS - 量子与统计	物理/QS - 量子与统计/QUESTIONS.md	Q05	Fermi 能级、Fermi 能量与化学势	什么是 Fermi 能级？它与 Fermi 能量、化学势有什么区别？所有物质包括非晶体都有 Fermi 能级吗？	test/2025-二字班推研面经-wj.pdf	0.483	regular	2025-二字班推研面经-wj.pdf	不认识老师 7 ：咱们换个简单点的问题吧。（我：？？？）（但后面问了啥不记得了） 李永卓：费米能级是什么？ 我：费米能级是电子的化学势，同时能量等于费米能级的一个状态被电子占据的概率为 1/2 。
物理/SP - 固体物理基础	物理/SP - 固体物理基础/QUESTIONS.md	Q01	晶体、准晶体、非晶体与缺陷辨识	晶体、准晶体和非晶体有什么区别，怎样判断？怎样用实验判断晶体缺陷？	test/2012-面经_九字班1.pdf	0.565	regular	2012-面经_九字班1.pdf	两个电荷之间的能量随位置的变化关系。 固物的问题： 晶体、准晶体、非晶体的区别和判断方法。晶体缺陷的实验判断方法。
物理/SP - 固体物理基础	物理/SP - 固体物理基础/QUESTIONS.md	Q02	金刚石与 Si 的晶体结构	金刚石结构是什么样的？它是什么 Bravais 格子，基元怎样选？	test/2013-面经_零字班.pdf	0.684	regular	2013-面经_零字班.pdf	“金刚石的结构是什么样的？” “两个面心立方套构 blabla” “那它是什么布拉菲格子？”
物理/SP - 固体物理基础	物理/SP - 固体物理基础/QUESTIONS.md	Q02	金刚石与 Si 的晶体结构	Si 是什么晶体结构和晶格结构？一个常规晶胞有几个 Si 原子？	test/2013-趁没忘记题目-谷梦媛.pdf	0.409	regular	2013-趁没忘记题目-谷梦媛.pdf	回答完这两个问题，看到我左手边的不认识的老师恨铁不成钢的叹了一口气..我整个人都要不好了…其实现在想 想这俩题略弱啊…不过我可能太害怕电磁了… 3 Si是什么晶体结构的，导带价带相对位置，费米能级在哪
物理/SP - 固体物理基础	物理/SP - 固体物理基础/QUESTIONS.md	Q02	金刚石与 Si 的晶体结构	Si 是什么晶体结构和晶格结构？一个常规晶胞有几个 Si 原子？	test/2019-推研面经-2.docx	0.227	regular	2019-推研面经-2.docx	5、使用一种数据结构完成取N个数中最小的k个数。 黄永峰老师也问了几个问题。 6、main函数可以带参数吗？参数的数据类型是什么？
物理/SP - 固体物理基础	物理/SP - 固体物理基础/QUESTIONS.md	Q02	金刚石与 Si 的晶体结构	Si 是什么晶体结构和晶格结构？一个常规晶胞有几个 Si 原子？	test/2019-推研面经-3.docx	0.273	regular	2019-推研面经-3.docx	布儒斯特角是什么，反射波和折射波的极化性质。 全反射发生的条件，此时的折射波的形式，消逝场会有能量损耗吗。 硅的晶格结构，对应的布拉菲格子。
物理/SP - 固体物理基础	物理/SP - 固体物理基础/QUESTIONS.md	Q02	金刚石与 Si 的晶体结构	Si 是什么晶体结构和晶格结构？一个常规晶胞有几个 Si 原子？	test/2024-一字班推研面经-高思研.pdf	0.455	regular	2024-一字班推研面经-高思研.pdf	这是我最寄的一个组，一上来  fx 问我能带是怎么形成的，我突然就有点蒙，然后瞎说了一通也没说到点 上。然后说问布里渊区边界的能隙是怎么形成的，这时我还是很蒙，实际是会一点的，但是不知道说 啥。估计是看到我两个问题都不会，就开始问简单的问题，硅是什么结构，硅的晶胞有几个原子。我最
物理/SP - 固体物理基础	物理/SP - 固体物理基础/QUESTIONS.md	Q02	金刚石与 Si 的晶体结构	Si 是什么晶体结构和晶格结构？一个常规晶胞有几个 Si 原子？	test/2024-一字班推研面经-yj自行整理.zip	0.727	zip-interview	2024-一字班推研面经-yj自行整理.zip::面经-yj自行整理/markdown/推研面经2024.md	**物理组：**首先是盛兴老师问固体物理，盛兴老师真的人好，就算你有一些拿不准的东西答的不对，他会引导你改口 1.硅什么晶体结构，什么晶格结构？ 2.一个硅晶胞有几个硅原子？
物理/SP - 固体物理基础	物理/SP - 固体物理基础/QUESTIONS.md	Q03	NaCl、铜与 Bravais 格子分类	NaCl 是什么格子？	test/2014-记一次人品大爆发-郭开元.pdf	0.8	regular	2014-记一次人品大爆发-郭开元.pdf	2.电偶极子辐射远场的电场方向。（全都忘了……） 3.坡印廷矢量平均值的计算公式，以及为什么有个1/2 4.氯化钠是什么格子？（连这个都答错，我当时整个人都不好了……然后冯雪老师说问个简单的，问硅……这个
物理/SP - 固体物理基础	物理/SP - 固体物理基础/QUESTIONS.md	Q03	NaCl、铜与 Bravais 格子分类	铜是什么格子？有多少种晶系和 Bravais 格子？	test/2024-一字班推研面经-吴凌沨.pdf	0.571	regular	2024-一字班推研面经-吴凌沨.pdf	3. 倒格⼦是什么？ 4. 布⾥渊区是什么？ 5. 铜是什么格⼦？有哪些晶系？有多少种格⼦？
物理/SP - 固体物理基础	物理/SP - 固体物理基础/QUESTIONS.md	Q04	倒格子、Brillouin 区与 X 射线衍射	测量晶体结构有哪些方法？X 射线衍射图样是真正的实空间晶体结构吗？	test/2014-面经_二字班.pdf	0.846	regular	2014-面经_二字班.pdf	我：（背了一下那个时变场的边界条件）（重回固体物理） 老师：我们要测量晶体结构，有哪些方法？ 我： （再疯狂的背了一下X 射线衍射、顺便扯发生要求；电子、中子衍射、顺便扯了主
物理/SP - 固体物理基础	物理/SP - 固体物理基础/QUESTIONS.md	Q04	倒格子、Brillouin 区与 X 射线衍射	介绍倒格子以及倒格子与正格子的数学关系；什么是 Brillouin 区，它有什么物理意义？	test/2020-七字班推研面经-潘美竹.docx	0.481	regular	2020-七字班推研面经-潘美竹.docx	晶体是各向同性还是各向异性？ 能否介绍一下倒格子，倒格子和正格子有那么数学上的关系？ 介绍一下布里渊区，布里渊区有什么物理意义
物理/SP - 固体物理基础	物理/SP - 固体物理基础/QUESTIONS.md	Q04	倒格子、Brillouin 区与 X 射线衍射	什么是倒格子和 Brillouin 区？	test/2024-一字班推研面经-吴凌沨.pdf	0.375	regular	2024-一字班推研面经-吴凌沨.pdf	1. 矩形波导电场和磁场的边界条件？（问了不同分量） 2. 什么是波导的主频？为什么要让波导⼯作在主频？ 3. 倒格⼦是什么？
物理/SP - 固体物理基础	物理/SP - 固体物理基础/QUESTIONS.md	Q05	声子与晶格振动的宏观效应	谈谈声子。晶格振动具有哪些宏观物理性质？	test/2014-面经_二字班.pdf	0.647	regular	2014-面经_二字班.pdf	老师：……那么晶格振动有什么样的性质。 我： （什么……性质……额） 老师：就是你刚才说的都是微观上的，那么宏观上的物理性质呢？
物理/SP - 固体物理基础	物理/SP - 固体物理基础/QUESTIONS.md	Q06	声学支、光学支与长波极限	画出一维双原子链的光学支和声学支；特殊点和两支的物理意义是什么？	test/2013-据说留下面经可以攒人品-戴国浩.pdf	0.821	regular	2013-据说留下面经可以攒人品-戴国浩.pdf	一维双原子链的光学支和声学支画一下？ 简单的画完了，接着又被问： 那几个特殊点的意义是什么？
物理/SP - 固体物理基础	物理/SP - 固体物理基础/QUESTIONS.md	Q06	声学支、光学支与长波极限	Si 中有多少声学支和光学支？一摩尔 Si 各有多少个相应正常模？	test/2014-记一次人品大爆发-郭开元.pdf	0.286	regular	2014-记一次人品大爆发-郭开元.pdf	还是会的……） 5.1mol硅里面有多少支声学波？多少支光学波？（磨了半天磨到最后到时间了，冯雪说你就不能用NA说有多 少个么……别用mol……）
物理/SP - 固体物理基础	物理/SP - 固体物理基础/QUESTIONS.md	Q06	声学支、光学支与长波极限	Si 中有多少声学支和光学支？一摩尔 Si 各有多少个相应正常模？	test/2024-一字班推研面经-高思研.pdf	0.286	regular	2024-一字班推研面经-高思研.pdf	上。然后说问布里渊区边界的能隙是怎么形成的，这时我还是很蒙，实际是会一点的，但是不知道说 啥。估计是看到我两个问题都不会，就开始问简单的问题，硅是什么结构，硅的晶胞有几个原子。我最 开始说  4 个，属实是太幽默了。还有问了硅的声学支和光学支（具体怎么问的有点忘了）。后面是一个
物理/SP - 固体物理基础	物理/SP - 固体物理基础/QUESTIONS.md	Q06	声学支、光学支与长波极限	什么是格波？长波极限的声学波代表什么？光学波和声学波是什么关系？	test/2025-二字班推研面经-ljh.docx	1.0	regular	2025-二字班推研面经-ljh.docx	plr老师：问我机器学习有哪些分类，我说无监督学习和有监督学习，又问了有哪些无监督学习，之后我说了K-means和特征降维，然后她说这是传统算法，问我深度学习里有哪些无监督，我说了GPT的生成式预训练，但是貌似解释这个的时候有点解释错了，最后就到时间了 4.电磁场和固体物理组 不认识老师：什么是格波？长波极限的声学波代表什么？光学波和声学波是什么关系？德拜理论是为了研究晶体的什么性质？他随温度怎么变化？
物理/SP - 固体物理基础	物理/SP - 固体物理基础/QUESTIONS.md	Q07	Debye 模型与晶格热容	固体比热由什么决定？	test/2013-面试经历小结-黄博.pdf	0.875	regular	2013-面试经历小结-黄博.pdf	方程，我马上反应过来是第一个磁生电的式子。随后又问到了磁偶极子的辐射功率跟频率有什么关系（四次方 ），还有天为什么是蓝的（瑞利散射），电磁场这边就完了。然后冯雪老师开始，问为什么要掺杂，好处有哪 些，这个我勉强知道。又问固体比热容是由什么决定的，反映了什么内部性质。。。我完全没印象。。。冯雪
物理/SP - 固体物理基础	物理/SP - 固体物理基础/QUESTIONS.md	Q07	Debye 模型与晶格热容	Debye 理论研究晶体的什么性质？该性质随温度如何变化？	test/2025-二字班推研面经-ljh.docx	0.65	regular	2025-二字班推研面经-ljh.docx	plr老师：问我机器学习有哪些分类，我说无监督学习和有监督学习，又问了有哪些无监督学习，之后我说了K-means和特征降维，然后她说这是传统算法，问我深度学习里有哪些无监督，我说了GPT的生成式预训练，但是貌似解释这个的时候有点解释错了，最后就到时间了 4.电磁场和固体物理组 不认识老师：什么是格波？长波极限的声学波代表什么？光学波和声学波是什么关系？德拜理论是为了研究晶体的什么性质？他随温度怎么变化？
物理/SP - 固体物理基础	物理/SP - 固体物理基础/QUESTIONS.md	Q08	声波入射固体界面后的传播	声波入射到固体后会发生什么？	test/2018_面试整体情况.docx	0.667	regular	2018_面试整体情况.docx	7、格波是什么？为什么会形成格波？格波决定了固体的什么性质？ 8、能带的意义是什么？为什么会形成能带？ 9、如何分析声波入射到固体上？
物理/SP - 固体物理基础	物理/SP - 固体物理基础/QUESTIONS.md	Q09	能带的形成、作用与 Brillouin 区边界带隙	能带理论有哪些基本假设？	test/2012-面经_九字班1.pdf	0.7	regular	2012-面经_九字班1.pdf	固物的问题： 晶体、准晶体、非晶体的区别和判断方法。晶体缺陷的实验判断方法。 能带理论的基本假设
物理/SP - 固体物理基础	物理/SP - 固体物理基础/QUESTIONS.md	Q09	能带的形成、作用与 Brillouin 区边界带隙	能带为什么形成？能带理论有什么意义？为什么在 Brillouin 区边界处会打开带隙？	test/2018_面试整体情况.docx	0.28	regular	2018_面试整体情况.docx	6、什么是圆极化波？如果想把圆极化波变为线极化波，可以使用什么方法？（四分之一波长波片）对于入射角度有什么要求？ 7、格波是什么？为什么会形成格波？格波决定了固体的什么性质？ 8、能带的意义是什么？为什么会形成能带？
物理/SP - 固体物理基础	物理/SP - 固体物理基础/QUESTIONS.md	Q09	能带的形成、作用与 Brillouin 区边界带隙	能带为什么形成？能带理论有什么意义？为什么在 Brillouin 区边界处会打开带隙？	test/2024-一字班推研面经-高思研.pdf	0.28	regular	2024-一字班推研面经-高思研.pdf	这是我最寄的一个组，一上来  fx 问我能带是怎么形成的，我突然就有点蒙，然后瞎说了一通也没说到点 上。然后说问布里渊区边界的能隙是怎么形成的，这时我还是很蒙，实际是会一点的，但是不知道说 啥。估计是看到我两个问题都不会，就开始问简单的问题，硅是什么结构，硅的晶胞有几个原子。我最
物理/SP - 固体物理基础	物理/SP - 固体物理基础/QUESTIONS.md	Q09	能带的形成、作用与 Brillouin 区边界带隙	能带为什么形成？能带理论有什么意义？为什么在 Brillouin 区边界处会打开带隙？	test/2025-二字班推研面经-wj.pdf	0.48	regular	2025-二字班推研面经-wj.pdf	我： …… 比如近自由模型中，晶体中的周期场会对自由电子的能谱形成微扰，导致能谱中出现带隙。 熊兵：那能带理论有什么作用呢？ 我：（这个问题也太宽泛了）比如可以解释为什么固体分为导体和绝缘体，它们的区别就是电子占据的最高能
物理/SP - 固体物理基础	物理/SP - 固体物理基础/QUESTIONS.md	Q10	Bloch 波、格波与晶体动量	说明 Bloch 定理。	test/2012-面经_九字班1.pdf	0.5	regular	2012-面经_九字班1.pdf	多少 db？ 采样率 9k 时，5k 的信号经过系统，会怎么样？ 画出单边带调幅的两种实现方法框图，并说明原理
物理/SP - 固体物理基础	物理/SP - 固体物理基础/QUESTIONS.md	Q10	Bloch 波、格波与晶体动量	Bloch 波与格波有什么区别？Bloch 波的动量是否确定？格波能否极化？	test/2024-一字班推研面经-zcy.docx	0.727	regular	2024-一字班推研面经-zcy.docx	布洛赫波与格波的区别？ 布洛赫波的动量确不确定？ 其中，问完第一个问题，我很清楚的知道费米能量是0K的费米能级，但我想的是先把费米能级的物理意义说一遍，于是就夸夸说了几句，但说了一半就被fx叫停了：“它们的区别是什么？”我就直接说费米能量是0K的费米能级，然后他点点头就过了，随后问了第二个问题，我又开始夸夸一顿说，费米能级是从费米狄拉克统计导出的，把f(E)的公式说了一遍，费米能级不是真实存在的能级，它表征能量为EF的能级被电子占据的概率为1/2。本来我打算结束了，结果嘴欠又
物理/SP - 固体物理基础	物理/SP - 固体物理基础/QUESTIONS.md	Q10	Bloch 波、格波与晶体动量	Bloch 波与格波有什么区别？Bloch 波的动量是否确定？格波能否极化？	test/2024-一字班推研面经_高希钢.docx	0.364	regular	2024-一字班推研面经_高希钢.docx	冯雪：说说布洛赫波和格波的区别？ 布洛赫波是一种概率波，但格波描述的是一种物理上的实际振动 冯雪：那布洛赫波有极化吗？
物理/SP - 固体物理基础	物理/SP - 固体物理基础/QUESTIONS.md	Q11	有效质量的物理意义	什么是有效质量？它的物理意义是什么？	test/2022-九字班九字班推研面经-2.docx	0.214	regular	2022-九字班九字班推研面经-2.docx	专业面试： 首先电磁场：简述一下Maxwell方程和其意义？  Maxwell方程能够推出本构关系吗？ (本构关系要么没讲要么忘了 只能乱说了) 忘记了一个问题，等着补 其次通信：讲一下FM,FSK,OFDM的方法？噪声可以消除吗？可以抑制吗？如何抑制？降噪耳机是什么原理？最大似然和最大后验的区别？
物理/SP - 固体物理基础	物理/SP - 固体物理基础/QUESTIONS.md	Q11	有效质量的物理意义	什么是有效质量？它的物理意义是什么？	test/2023-0字班推研面经-1.pdf	0.571	regular	2023-0字班推研面经-1.pdf	识点 × ） 第四个老师（崔开宇）： 1. 解释一下有效质量的物理意义？（这个公式当时忘了，只记得和能量的二阶导有关了，
物理/SP - 固体物理基础	物理/SP - 固体物理基础/QUESTIONS.md	Q12	原子能级与固体能带	单个原子有能级和能隙吗？原子能级如何演化为固体能带？	test/2022-九字班九字班推研面经-2.docx	0.429	regular	2022-九字班九字班推研面经-2.docx	其次通信：讲一下FM,FSK,OFDM的方法？噪声可以消除吗？可以抑制吗？如何抑制？降噪耳机是什么原理？最大似然和最大后验的区别？ 其次电路：知道延时线吗？如何用电路元件建模？如何降低延时  (刚开始以为是传输线，被批了) 简述一下CMOS的原理？两个CMOS的输出端可以连起来吗，为什么？什么元件的输出端可以连起来？ 其次固物：一个原子有能隙和能级吗？简述一下金属和半导体的区别？费米能级是什么？温度升高的时候两者电阻怎么变化？为什么？
物理/SP - 固体物理基础	物理/SP - 固体物理基础/QUESTIONS.md	Q13	金属、半导体与绝缘体的能带及温度响应	从能带角度区分金属、半导体和绝缘体。温度升高时，金属与半导体的电阻如何变化，为什么？	test/2022-九字班九字班推研面经-2.docx	0.394	regular	2022-九字班九字班推研面经-2.docx	其次通信：讲一下FM,FSK,OFDM的方法？噪声可以消除吗？可以抑制吗？如何抑制？降噪耳机是什么原理？最大似然和最大后验的区别？ 其次电路：知道延时线吗？如何用电路元件建模？如何降低延时  (刚开始以为是传输线，被批了) 简述一下CMOS的原理？两个CMOS的输出端可以连起来吗，为什么？什么元件的输出端可以连起来？ 其次固物：一个原子有能隙和能级吗？简述一下金属和半导体的区别？费米能级是什么？温度升高的时候两者电阻怎么变化？为什么？
物理/SP - 固体物理基础	物理/SP - 固体物理基础/QUESTIONS.md	Q13	金属、半导体与绝缘体的能带及温度响应	从能带角度区分金属、半导体和绝缘体。温度升高时，金属与半导体的电阻如何变化，为什么？	test/2025-二字班推研面经-wj.pdf	0.394	regular	2025-二字班推研面经-wj.pdf	我： …… 比如近自由模型中，晶体中的周期场会对自由电子的能谱形成微扰，导致能谱中出现带隙。 熊兵：那能带理论有什么作用呢？ 我：（这个问题也太宽泛了）比如可以解释为什么固体分为导体和绝缘体，它们的区别就是电子占据的最高能
物理/SP - 固体物理基础	物理/SP - 固体物理基础/QUESTIONS.md	Q14	直接与间接带隙及 Si 的光电性质	什么是直接带隙和间接带隙？	test/2012-面经_九字班1.pdf	0.778	regular	2012-面经_九字班1.pdf	晶体、准晶体、非晶体的区别和判断方法。晶体缺陷的实验判断方法。 能带理论的基本假设 直接能带和间接能带
物理/SP - 固体物理基础	物理/SP - 固体物理基础/QUESTIONS.md	Q14	直接与间接带隙及 Si 的光电性质	Si 能感光，能不能有效发光，为什么？手机摄像头和闪光灯分别使用什么半导体器件？	test/2012-留下面经，造福众生-孟越.pdf	0.5	regular	2012-留下面经，造福众生-孟越.pdf	也对，但是太麻烦……有知道简单方法的也给我留言吧……最后汪莱老师问我手机的相机和闪光灯里面都有什么 半导体器件，我说有光传感器，老师问什么材料做的，我不知道，老师问硅可以做感光器件，那它可以发光吗 ，我说基本不能，老师问为什么，我不知道。时间到就出来了。感觉这组有点儿悲剧啊……
物理/SP - 固体物理基础	物理/SP - 固体物理基础/QUESTIONS.md	Q14	直接与间接带隙及 Si 的光电性质	Si 能感光，能不能有效发光，为什么？手机摄像头和闪光灯分别使用什么半导体器件？	test/2024-一字班推研面经-yj自行整理.zip	0.219	zip-interview	2024-一字班推研面经-yj自行整理.zip::面经-yj自行整理/markdown/推研面经2024.md	2.一个硅晶胞有几个硅原子？ 3.硅和砷化镓有什么区别？（金刚石和闪锌矿，间接带隙和直接带隙，发光和不发光） 4.硅不能发光，那能不能探测光？
物理/SP - 固体物理基础	物理/SP - 固体物理基础/QUESTIONS.md	Q14	直接与间接带隙及 Si 的光电性质	比较 Si 与 GaAs 的晶体结构、带隙和发光性质。Si PN 结能探测比截止波长更长还是更短的光？	test/2024-一字班推研面经-yj自行整理.zip	0.529	zip-interview	2024-一字班推研面经-yj自行整理.zip::面经-yj自行整理/markdown/推研面经2024.md	3.硅和砷化镓有什么区别？（金刚石和闪锌矿，间接带隙和直接带隙，发光和不发光） 4.硅不能发光，那能不能探测光？ 5.一个用硅做成的PN结能探测波长更长的光还是波长更短的光？（我最开始答的波长更长，显然是不对的然后盛兴老师开始引导）
物理/SP - 固体物理基础	物理/SP - 固体物理基础/QUESTIONS.md	Q15	半导体带隙的温度依赖	半导体带隙随温度变化的趋势是什么？原因是什么？	test/2019-推研面经-3.docx	0.667	regular	2019-推研面经-3.docx	全反射发生的条件，此时的折射波的形式，消逝场会有能量损耗吗。 硅的晶格结构，对应的布拉菲格子。 带隙随温度变化的趋势和原因。
物理/SP - 固体物理基础	物理/SP - 固体物理基础/QUESTIONS.md	Q16	电子、光子、声子与跃迁守恒律	解释电子、光子和声子的区别。电子跃迁发射光子时满足哪些守恒律？	test/2022面试问题_sy.docx	0.8	regular	2022面试问题_sy.docx	Introduce AI? The future of  AI？ 解释电子、光子、声子的区别？电子跃迁发射光子时满足什么守恒
物理/SP - 固体物理基础	物理/SP - 固体物理基础/QUESTIONS.md	Q17	Fermi 能级、Fermi 能量与化学势	什么是 Fermi 能级？它与 Fermi 能量、化学势有什么区别？所有物质包括非晶体都有 Fermi 能级吗？	test/2018_面试整体情况.docx	0.276	regular	2018_面试整体情况.docx	7、（拿了一块PCB板问我）这是什么板子？上面都有什么器件？和你实验中所用的面包板相比有什么优势？面包板的最高使用频率是多少？ 8、（拿了两个长得像接在频谱仪的插口）这个是什么端口？这两个端口一大一小，它们的区别是什么？ 9、什么是摩尔定律？
物理/SP - 固体物理基础	物理/SP - 固体物理基础/QUESTIONS.md	Q17	Fermi 能级、Fermi 能量与化学势	什么是 Fermi 能级？它与 Fermi 能量、化学势有什么区别？所有物质包括非晶体都有 Fermi 能级吗？	test/2024-一字班推研面经-zcy.docx	0.414	regular	2024-一字班推研面经-zcy.docx	费米能级和费米能量有什么区别？ 费米能级的物理意义？ 什么是系统的化学势？
物理/SP - 固体物理基础	物理/SP - 固体物理基础/QUESTIONS.md	Q17	Fermi 能级、Fermi 能量与化学势	什么是 Fermi 能级？它与 Fermi 能量、化学势有什么区别？所有物质包括非晶体都有 Fermi 能级吗？	test/2025-二字班推研面经-ljh.docx	0.345	regular	2025-二字班推研面经-ljh.docx	4.电磁场和固体物理组 不认识老师：什么是格波？长波极限的声学波代表什么？光学波和声学波是什么关系？德拜理论是为了研究晶体的什么性质？他随温度怎么变化？ 不认识老师2:解释一下费米能级，所有物质都有费米能级吗？（我回答可能只有晶体有）非晶体就没有费米能级吗？（我不知道）
物理/SP - 固体物理基础	物理/SP - 固体物理基础/QUESTIONS.md	Q17	Fermi 能级、Fermi 能量与化学势	什么是 Fermi 能级？它与 Fermi 能量、化学势有什么区别？所有物质包括非晶体都有 Fermi 能级吗？	test/2025-二字班推研面经-wj.pdf	0.483	regular	2025-二字班推研面经-wj.pdf	不认识老师 7 ：咱们换个简单点的问题吧。（我：？？？）（但后面问了啥不记得了） 李永卓：费米能级是什么？ 我：费米能级是电子的化学势，同时能量等于费米能级的一个状态被电子占据的概率为 1/2 。
物理/SP - 固体物理基础	物理/SP - 固体物理基础/QUESTIONS.md	Q18	本征与掺杂半导体的 Fermi 能级	本征半导体的 Fermi 能级在哪里？掺杂后如何移动？温度升高时本征、n 型和 p 型半导体的 Fermi 能级如何变化？	test/2013-趁没忘记题目-谷梦媛.pdf	0.182	regular	2013-趁没忘记题目-谷梦媛.pdf	想这俩题略弱啊…不过我可能太害怕电磁了… 3 Si是什么晶体结构的，导带价带相对位置，费米能级在哪 4 Si掺杂成n型加入什么物质？费米能级怎么移动？
物理/SP - 固体物理基础	物理/SP - 固体物理基础/QUESTIONS.md	Q18	本征与掺杂半导体的 Fermi 能级	本征半导体的 Fermi 能级在哪里？掺杂后如何移动？温度升高时本征、n 型和 p 型半导体的 Fermi 能级如何变化？	test/2019-推研面经-2.docx	0.152	regular	2019-推研面经-2.docx	3、什么是非平衡二叉树？ 4、如何把非平衡二叉树转换为平衡二叉树？ 5、使用一种数据结构完成取N个数中最小的k个数。
物理/SP - 固体物理基础	物理/SP - 固体物理基础/QUESTIONS.md	Q18	本征与掺杂半导体的 Fermi 能级	本征半导体的 Fermi 能级在哪里？掺杂后如何移动？温度升高时本征、n 型和 p 型半导体的 Fermi 能级如何变化？	test/2019-推研面经-5.docx	0.303	regular	2019-推研面经-5.docx	电磁场： 费米能级的意义 本征半导体的费米能级在温度升高的时候怎么变
物理/SP - 固体物理基础	物理/SP - 固体物理基础/QUESTIONS.md	Q18	本征与掺杂半导体的 Fermi 能级	本征半导体的 Fermi 能级在哪里？掺杂后如何移动？温度升高时本征、n 型和 p 型半导体的 Fermi 能级如何变化？	test/2021-八字班推研面经-贾文彬.docx	0.333	regular	2021-八字班推研面经-贾文彬.docx	什么是费米能级？ 本征半导体和掺杂半导体的费米能级一样吗？ 温度升高，本征半导体的费米能级怎么变化？
物理/SP - 固体物理基础	物理/SP - 固体物理基础/QUESTIONS.md	Q19	空穴及其引入理由	什么是空穴？为什么要引入空穴？	test/2019-推研面经-1.docx	0.9	regular	2019-推研面经-1.docx	1.固体物理与电磁场组 讲一讲什么是空穴 为什么引入空穴
物理/SP - 固体物理基础	物理/SP - 固体物理基础/QUESTIONS.md	Q20	迁移率、弛豫时间、电导率与 Hall 测量	什么是迁移率，单位是什么？迁移率由哪些因素决定？弛豫时间的物理意义是什么？电子和空穴的迁移率谁更大？	test/2013-趁没忘记题目-谷梦媛.pdf	0.297	regular	2013-趁没忘记题目-谷梦媛.pdf	3 Si是什么晶体结构的，导带价带相对位置，费米能级在哪 4 Si掺杂成n型加入什么物质？费米能级怎么移动？ 5 迁移率单位是啥？
物理/SP - 固体物理基础	物理/SP - 固体物理基础/QUESTIONS.md	Q20	迁移率、弛豫时间、电导率与 Hall 测量	什么是迁移率，单位是什么？迁移率由哪些因素决定？弛豫时间的物理意义是什么？电子和空穴的迁移率谁更大？	test/2018_面试整体情况.docx	0.541	regular	2018_面试整体情况.docx	三、物理组 1、迁移率是什么？它和什么因素有关？电子和空穴的迁移率哪个更大？ 2、什么是费米能级？
物理/SP - 固体物理基础	物理/SP - 固体物理基础/QUESTIONS.md	Q20	迁移率、弛豫时间、电导率与 Hall 测量	什么是迁移率，单位是什么？迁移率由哪些因素决定？弛豫时间的物理意义是什么？电子和空穴的迁移率谁更大？	test/2019-推研面经-1.docx	0.297	regular	2019-推研面经-1.docx	讲一讲什么是空穴 为什么引入空穴 引导到迁移率，迁移率由什么决定
物理/SP - 固体物理基础	物理/SP - 固体物理基础/QUESTIONS.md	Q20	迁移率、弛豫时间、电导率与 Hall 测量	什么是迁移率，单位是什么？迁移率由哪些因素决定？弛豫时间的物理意义是什么？电子和空穴的迁移率谁更大？	test/2024-一字班推研面经-李羿璇.pdf	0.459	regular	2024-一字班推研面经-李羿璇.pdf	物理组 最不会的⼀组 fx：迁移率由什么决定？（）弛豫时间是什么？由什么因素决定？物理意义是什么？
物理/SP - 固体物理基础	物理/SP - 固体物理基础/QUESTIONS.md	Q20	迁移率、弛豫时间、电导率与 Hall 测量	什么是迁移率，单位是什么？迁移率由哪些因素决定？弛豫时间的物理意义是什么？电子和空穴的迁移率谁更大？	test/2024-一字班推研面经_高希钢.docx	0.405	regular	2024-一字班推研面经_高希钢.docx	不认识老师1：（比较疑惑）真的吗？为什么？ 比如我降低电压，可能会改变晶体管的直流工作点，让原本设计的放大倍数发生变化，这个时候实现的功能就可能会出错（老师若有所思了一会然后点了点头） 不认识老师2：知道沟道调制效应吗？它的物理意义是什么呀？
物理/SP - 固体物理基础	物理/SP - 固体物理基础/QUESTIONS.md	Q20	迁移率、弛豫时间、电导率与 Hall 测量	怎样用 Hall 效应测量载流子类型和浓度？	test/2024-一字班推研面经-吴凌沨.pdf	0.467	regular	2024-一字班推研面经-吴凌沨.pdf	1. 什么是放⼤？变压器算放⼤器吗？ 2. ⼀个数字电路时钟是 100 MHz，怎么提⾼主频？假如要提⾼到 120 MHz，有哪些⽅法？ 3. 假如要测量⼀个材料的载流⼦类型和浓度，有什么办法？（霍尔效应）假如要测量材料的晶体
物理/SP - 固体物理基础	物理/SP - 固体物理基础/QUESTIONS.md	Q21	元素半导体与 III–V 族半导体的掺杂	为什么要给半导体掺杂？Si 中加入什么杂质可形成 n 型和 p 型，Fermi 能级怎样移动？	test/2013-面试经历小结-黄博.pdf	0.226	regular	2013-面试经历小结-黄博.pdf	应定律吧，写写方程。我当时脑抽了一下（主要是到饭点饿了。。。）没反应过来，长征哥哥提示说麦克斯韦 方程，我马上反应过来是第一个磁生电的式子。随后又问到了磁偶极子的辐射功率跟频率有什么关系（四次方 ），还有天为什么是蓝的（瑞利散射），电磁场这边就完了。然后冯雪老师开始，问为什么要掺杂，好处有哪
物理/SP - 固体物理基础	物理/SP - 固体物理基础/QUESTIONS.md	Q21	元素半导体与 III–V 族半导体的掺杂	为什么要给半导体掺杂？Si 中加入什么杂质可形成 n 型和 p 型，Fermi 能级怎样移动？	test/2013-趁没忘记题目-谷梦媛.pdf	0.323	regular	2013-趁没忘记题目-谷梦媛.pdf	4 Si掺杂成n型加入什么物质？费米能级怎么移动？ 5 迁移率单位是啥？ 有趣的是，我说si掺成n型后口误说成了导带还是价带怎么移...可见我当时是有多2333...对不起汪莱老师,固物我
物理/SP - 固体物理基础	物理/SP - 固体物理基础/QUESTIONS.md	Q21	元素半导体与 III–V 族半导体的掺杂	四族元素怎样掺杂？用四族元素掺杂 III–V 族半导体会产生什么类型，为什么？	test/2017-面试经验-陈誉博.docx	0.417	regular	2017-面试经验-陈誉博.docx	接下来你猜一个问题啊：对于三五族元素形成的化合物（GaAs）这种，掺杂几价的元素能形成半导体？ （憋了半天）4价的吧。。。（出了考场才发现好像有点智障。。。） 那你接着猜，掺4价的形成的是什么类型的半导体？
物理/SP - 固体物理基础	物理/SP - 固体物理基础/QUESTIONS.md	Q22	PN 结的形成、平衡与单向导通	PN 结怎样形成？平衡时为什么 Fermi 能级相等？载流子的扩散和漂移怎样平衡？为什么 PN 结具有单向导通特性？	test/2012-面经_九字班1.pdf	0.297	regular	2012-面经_九字班1.pdf	矩形波导为了传输 TE20 怎么抑制 TE10 圆波导，一个线极化的波怎么能弄成圆极化的？ 参数完全相同的 NPN 和 PNP 的管子，哪个导通更快，为什么
物理/SP - 固体物理基础	物理/SP - 固体物理基础/QUESTIONS.md	Q22	PN 结的形成、平衡与单向导通	PN 结怎样形成？平衡时为什么 Fermi 能级相等？载流子的扩散和漂移怎样平衡？为什么 PN 结具有单向导通特性？	test/2018_面试整体情况.docx	0.243	regular	2018_面试整体情况.docx	2、什么是费米能级？ 3、给你两块物体，如何判别哪一块是金属，哪一块是半导体？（我回答了肖特基结的特性判别）形成肖特基结的条件是什么？ 4、说明PN结形成、导通的过程和原理？为什么费米能级要相等？
物理/SP - 固体物理基础	物理/SP - 固体物理基础/QUESTIONS.md	Q22	PN 结的形成、平衡与单向导通	PN 结怎样形成？平衡时为什么 Fermi 能级相等？载流子的扩散和漂移怎样平衡？为什么 PN 结具有单向导通特性？	test/2020-七字班推研面经-2.docx	0.216	regular	2020-七字班推研面经-2.docx	计算机：debug和release差别，debug没报错release报错的原因，函数参数的读取顺序，栈的应用，递归和栈的关系； 信号与系统：卷积概念，各种函数的傅里叶变换、卷积 电磁场与物理：平面波与球面波的区别，电子波函数，PN结的形成，PN结中载流子的迁移、扩散概念等。
物理/SP - 固体物理基础	物理/SP - 固体物理基础/QUESTIONS.md	Q22	PN 结的形成、平衡与单向导通	PN 结怎样形成？平衡时为什么 Fermi 能级相等？载流子的扩散和漂移怎样平衡？为什么 PN 结具有单向导通特性？	test/2025-二字班推研面经-ljh.docx	0.378	regular	2025-二字班推研面经-ljh.docx	不认识老师2:解释一下费米能级，所有物质都有费米能级吗？（我回答可能只有晶体有）非晶体就没有费米能级吗？（我不知道） 不认识老师3:先问了波导中存在稳定的模式条件是什么？我说要满足对应模式的截止条件，但老师说不本质，出来才想起来可能要回答边界条件，然后就问了什么波导能传输TEM模，矩形波导的基模是什么，描述一下基模 不认识老师4:让我解释PN结为什么具有单向导通特性，我回答的时候语言不太规范，我还把耗尽层说成反形层了，好在最后反向电场的形成和反向电压作用下耗尽层加宽说出来了
物理/SP - 固体物理基础	物理/SP - 固体物理基础/QUESTIONS.md	Q23	Schottky 势垒、欧姆接触与材料辨识	Schottky 结的工作机理是什么，形成整流接触需要什么条件？怎样判断两块材料哪块是金属、哪块是半导体？	test/2012-面经_九字班1.pdf	0.405	regular	2012-面经_九字班1.pdf	苹果公司的 logo 是怎么来的 把一个物体从手中向任意方向抛出，其运动轨迹是什么曲线（椭圆） 肖特基的工作机理
物理/SP - 固体物理基础	物理/SP - 固体物理基础/QUESTIONS.md	Q23	Schottky 势垒、欧姆接触与材料辨识	Schottky 结的工作机理是什么，形成整流接触需要什么条件？怎样判断两块材料哪块是金属、哪块是半导体？	test/2013-面试经历小结-黄博.pdf	0.216	regular	2013-面试经历小结-黄博.pdf	老师、袁坚老师、汪玉老师，其他几位不认识。进去以后随便抽一个话题，我们的是“为什么要读研？比尔盖 茨、乔布斯等人退学创业也获得了成功，你对此怎么看？”云云。侯神和旭总都豪气干云地说我要献身科研专 心学术为了中华民族的伟大复兴健康工作五十年，就差脸上写“我是好人”几个字了。我夹在这俩中间说要读
物理/SP - 固体物理基础	物理/SP - 固体物理基础/QUESTIONS.md	Q23	Schottky 势垒、欧姆接触与材料辨识	Schottky 结的工作机理是什么，形成整流接触需要什么条件？怎样判断两块材料哪块是金属、哪块是半导体？	test/2018_面试整体情况.docx	0.405	regular	2018_面试整体情况.docx	3、给你两块物体，如何判别哪一块是金属，哪一块是半导体？（我回答了肖特基结的特性判别）形成肖特基结的条件是什么？ 4、说明PN结形成、导通的过程和原理？为什么费米能级要相等？ 5、电磁波发生全反射时的原理是什么？
物理/SP - 固体物理基础	物理/SP - 固体物理基础/QUESTIONS.md	Q23	Schottky 势垒、欧姆接触与材料辨识	Schottky 接触和欧姆接触有什么区别？画出它们的 $I$–$V$ 曲线。	test/2019-推研面经-4.docx	0.722	regular	2019-推研面经-4.docx	周盛老师首先问我通信与网络的知识，主要问了关于拥塞的知识，以及tcp中解决拥塞的加性增，乘性减的相关知识，接着问我：如果一个网络有n个节点，要使它们都连通，网络可以有哪些拓扑结构。另一个老师开始问我tcp和udp的区别。然后孙爷爷问我为什么C++中传引用方式可以提高效率，刚开始有点懵，没想到复制构造函数问题。那可是电子系大好人孙爷爷啊！他开始引导我：因为不用调用？我瞬间反应过来：因为不用调用复制构造函数！几乎是喊出了这个答案，现在想想还是觉得自己真好笑。孙爷爷对我说：嗯嗯，但
物理/SP - 固体物理基础	物理/SP - 固体物理基础/QUESTIONS.md	Q24	MOS 与 PN 结的结构和导电机理	MOS 与 PN 结有什么区别？MOS 结构如何导电，器件结构是什么？	test/2014-一字班推研那点事儿（2）-宗泽宇.pdf	0.474	regular	2014-一字班推研那点事儿（2）-宗泽宇.pdf	点一点讲，孙长征老师直点头。。。然后冯雪老师说来我问你个简单的问题吧，就是问题6，我当时感觉。。 。MOS和PN结根本没联系，你去问宗泽宇和罗姆楼某根柱子的区别，让人怎么回答啊。。。其实现在想来当 时完全可以分别说二者的结构导电机理什么的，反正它们就是这样的，区别你自己挑呗，用不着一上来就说的
物理/UP - 大学物理A	物理/UP - 大学物理A/QUESTIONS.md	Q01	Faraday 电磁感应定律与负号	写出 Faraday 电磁感应定律，并说明负号的含义。	test/2013-面试经历小结-黄博.pdf	0.375	regular	2013-面试经历小结-黄博.pdf	就到了。 最后面微波。只认识孙长征老师和冯雪老师，据说有汪莱老师，不过不认识。长征哥哥先问知道法拉第电磁感 应定律吧，写写方程。我当时脑抽了一下（主要是到饭点饿了。。。）没反应过来，长征哥哥提示说麦克斯韦
物理/UP - 大学物理A	物理/UP - 大学物理A/QUESTIONS.md	Q01	Faraday 电磁感应定律与负号	写出 Faraday 电磁感应定律，并说明负号的含义。	test/2024-一字班推研面经-lym.pdf	0.312	regular	2024-一字班推研面经-lym.pdf	弛豫时间和什么有关？ 怎么改变费米能级？除了温度呢？ 法拉第电磁感应定律
物理/UP - 大学物理A	物理/UP - 大学物理A/QUESTIONS.md	Q02	Lorentz 力、功与带电粒子运动	什么是 Lorentz 力？	test/2009-推研资料.docx	0.5	regular	2009-推研资料.docx	113、网格编码调制TCM的优点是什么？ 答：网络编码调制(Trellis Coded Modulation-TCM)将纠错编码与调制技术相结合，它能够保证在不降低信息传输速率、不增加信道频带宽度的前提下，获得可观的编码增益，提高了整个系统的误码性能。 114、什么是Turbo码？
物理/UP - 大学物理A	物理/UP - 大学物理A/QUESTIONS.md	Q03	全反射临界角与 Brewster 角	什么是全反射临界角和 Brewster 角？它们各自在什么条件下存在？	test/2013-面经_零字班.pdf	0.455	regular	2013-面经_零字班.pdf	我：当垂直极化波投射时，如果入射角大于临界角，就会发生全反射，没有折射波，会产 生表面波。 长征 GG：那这两个介质要满足什么条件？
物理/UP - 大学物理A	物理/UP - 大学物理A/QUESTIONS.md	Q04	光纤中的电磁波传播	光是电磁波吗？光怎样在光纤中传播？能否从电磁波角度解释？	test/2022-九字班推研面经-1.docx	0.773	regular	2022-九字班推研面经-1.docx	第二个老师：光是电磁波吗？光怎么在光纤里传播？能从电磁波的角度解释一下吗？（没理解最后一个问题） glgg：所幸glgg没问通电的问题，而是问了好多ADC相关的问题（简历相关，我在简历里重点讲了自己做过ADC相关的大作业和实习，这也是个小技巧，可以通过简历和自我介绍引导老师提问自己的主攻方向） ggg就问了一个问题：能否从系统的角度分析一下ADC采样率和bit数的折衷？（简历相关，我一开始一头雾水，后来想了想就解释了一下Warden FoM）
物理/UP - 大学物理A	物理/UP - 大学物理A/QUESTIONS.md	Q05	天空呈蓝色的 Rayleigh 散射解释	天空为什么是蓝色的？	test/2013-面经_零字班.pdf	0.5	regular	2013-面经_零字班.pdf	了。。。）没反应过来，长征哥哥提示说麦克斯韦方程，我马上反应过来是第一个磁生电 的式子。随后又问到了磁偶极子的辐射功率跟频率有什么关系（四次方），还有天为什么 是蓝的（瑞利散射），电磁场这边就完了。然后冯雪老师开始，问为什么要掺杂，好处有
物理/UP - 大学物理A	物理/UP - 大学物理A/QUESTIONS.md	Q05	天空呈蓝色的 Rayleigh 散射解释	天空为什么是蓝色的？	test/2013-面试经历小结-黄博.pdf	0.5	regular	2013-面试经历小结-黄博.pdf	应定律吧，写写方程。我当时脑抽了一下（主要是到饭点饿了。。。）没反应过来，长征哥哥提示说麦克斯韦 方程，我马上反应过来是第一个磁生电的式子。随后又问到了磁偶极子的辐射功率跟频率有什么关系（四次方 ），还有天为什么是蓝的（瑞利散射），电磁场这边就完了。然后冯雪老师开始，问为什么要掺杂，好处有哪
物理/UP - 大学物理A	物理/UP - 大学物理A/QUESTIONS.md	Q05	天空呈蓝色的 Rayleigh 散射解释	天空为什么是蓝色的？	test/2024-一字班推研面经-yj自行整理.zip	0.5	zip-interview	2024-一字班推研面经-yj自行整理.zip::面经-yj自行整理/markdown/推研面经2024.md	郝志彪老师问：9.微波炉为什么能加热？（我：.......电磁波有能量？.......内心os：真不会啊。。。） 10.那一张纸能不能加热？一杯水能不能加热？它俩的区别是什么？（开始瞎扯：介电常数不同.......) 11.天为什么是蓝的？（响铃结束）
电路/DL - 数字逻辑与处理器基础	电路/DL - 数字逻辑与处理器基础/QUESTIONS.md	Q01	竞争、冒险与毛刺	什么是数字电路中的竞争与冒险？怎样消除？它出现在组合电路还是时序电路？	test/2020-七字班推研面经-潘美竹.docx	0.759	regular	2020-七字班推研面经-潘美竹.docx	学过通信电路吗 Verilog和C有什么区别？ 介绍一下数电中的竞争与冒险，如何消除竞争冒险，这种冒险出现在组合电路还是时序电路
电路/DL - 数字逻辑与处理器基础	电路/DL - 数字逻辑与处理器基础/QUESTIONS.md	Q02	多驱动与输出冲突	什么是多驱动？Verilog 中怎样形成多驱动？为什么不允许多驱动？从 MOS 管角度解释。	test/2020-七字班推研面经-潘美竹.docx	0.52	regular	2020-七字班推研面经-潘美竹.docx	Verilog和C有什么区别？ 介绍一下数电中的竞争与冒险，如何消除竞争冒险，这种冒险出现在组合电路还是时序电路 介绍一下多驱动，多驱动在Verilog里面是什么样的，多驱动为什么不行，从MOS管的角度解释一下。
电路/DL - 数字逻辑与处理器基础	电路/DL - 数字逻辑与处理器基础/QUESTIONS.md	Q02	多驱动与输出冲突	两个 CMOS 门的输出端能直接连接吗？什么元件的输出可以共线？	test/2022-九字班九字班推研面经-2.docx	0.5	regular	2022-九字班九字班推研面经-2.docx	其次电路：知道延时线吗？如何用电路元件建模？如何降低延时  (刚开始以为是传输线，被批了) 简述一下CMOS的原理？两个CMOS的输出端可以连起来吗，为什么？什么元件的输出端可以连起来？ 其次固物：一个原子有能隙和能级吗？简述一下金属和半导体的区别？费米能级是什么？温度升高的时候两者电阻怎么变化？为什么？ 最后好像是主考官问的：讲讲你的SRT项目？这玩意正中下怀，我直接讲了接近3min，讲到面试结束为止hhh
电路/DL - 数字逻辑与处理器基础	电路/DL - 数字逻辑与处理器基础/QUESTIONS.md	Q03	CMOS 与非门与功耗	怎样用 MOS 管搭二输入与非门？需要几个管子，NMOS 串联还是并联？	test/2012-面经_九字班2.pdf	0.667	regular	2012-面经_九字班2.pdf	【数电】 数电：亚稳态的概念，以及电路中在什么情况下会出现亚稳态。用 MOS 管搭与非门，需要 用几个管子，N 管是串联还是并联？
电路/DL - 数字逻辑与处理器基础	电路/DL - 数字逻辑与处理器基础/QUESTIONS.md	Q03	CMOS 与非门与功耗	怎样用 MOS 管搭二输入与非门？需要几个管子，NMOS 串联还是并联？	test/2020-七字班推研面经-潘美竹.docx	0.167	regular	2020-七字班推研面经-潘美竹.docx	介绍一下数电中的竞争与冒险，如何消除竞争冒险，这种冒险出现在组合电路还是时序电路 介绍一下多驱动，多驱动在Verilog里面是什么样的，多驱动为什么不行，从MOS管的角度解释一下。 怎么搭建与非门
电路/DL - 数字逻辑与处理器基础	电路/DL - 数字逻辑与处理器基础/QUESTIONS.md	Q03	CMOS 与非门与功耗	CMOS 功耗来自哪些部分？	test/2014-面经_二字班.pdf	0.5	regular	2014-面经_二字班.pdf	老师：知道氧化物那层的作用么。 我：（想了一下是否可以扯到相关其它问题……做不到）不知道。 老师：CMOS 功耗的来源：
电路/DL - 数字逻辑与处理器基础	电路/DL - 数字逻辑与处理器基础/QUESTIONS.md	Q04	三态门、总线与负载	什么是三态门的高阻态？它有什么用途？	test/2009-推研资料.docx	0.429	regular	2009-推研资料.docx	16.构造函数可否重载？析构函数呢？ 我说构造函数可以，因为可以有形参；析构函数不可以，因为没有形参。。。跟绕口令似的，不过看见孙老师点了点头。 17.虚函数是什么？虚函数和函数重载有什么区别？
电路/DL - 数字逻辑与处理器基础	电路/DL - 数字逻辑与处理器基础/QUESTIONS.md	Q04	三态门、总线与负载	什么是三态门的高阻态？它有什么用途？	test/2012-面经_九字班2.pdf	0.429	regular	2012-面经_九字班2.pdf	差不多是 0.8nm。说间隔100GHz 和间隔0.8nm 有什么不同， 为什么实际估算的时候还是近似认为他们是相等的 高斯光束的在远处的光斑的大小和什么有关系？发散角
电路/DL - 数字逻辑与处理器基础	电路/DL - 数字逻辑与处理器基础/QUESTIONS.md	Q04	三态门、总线与负载	什么是三态门的高阻态？它有什么用途？	test/2019-推研面经-2.docx	0.429	regular	2019-推研面经-2.docx	然后右手边数电的老师发问了 4、环形振荡器的周期和反相器的延时有什么关系？ 5、三态门的三个状态？有哪些方面的应用？
电路/DL - 数字逻辑与处理器基础	电路/DL - 数字逻辑与处理器基础/QUESTIONS.md	Q04	三态门、总线与负载	什么是三态门的高阻态？它有什么用途？	test/2024-一字班推研面经-高思研.pdf	0.429	regular	2024-一字班推研面经-高思研.pdf	进去之前听说狂问数电，但是我进去的时候数电模电都有问。问题其实记得没那么清楚了，印象中问了 延时的相关问题、 cache 的结构、三态门高阻态。我回答延迟的时候提到了  提高  VDD 降低延时，然后模 电的老师问了为什么（ 1V 的  VDD 电压到  0.8V 可以导通， 2V 的  VDD 电压到  1.6V 可以导通，那延时会
电路/DL - 数字逻辑与处理器基础	电路/DL - 数字逻辑与处理器基础/QUESTIONS.md	Q04	三态门、总线与负载	总线可以等效成什么电路？总线负载增多后速度怎样变化？	test/2019-推研面经-2.docx	0.591	regular	2019-推研面经-2.docx	5、三态门的三个状态？有哪些方面的应用？ 6、总线可以等效成什么电路？ 7、总线上的负载越多，速度越慢还是越快？
电路/DL - 数字逻辑与处理器基础	电路/DL - 数字逻辑与处理器基础/QUESTIONS.md	Q05	二进制、BCD 与 Gray 码	举出几种二进制编码，并说明 Gray 码的好处。	test/2013-面经_零字班.pdf	0.625	regular	2013-面经_零字班.pdf	计数器，问 N 个 D 触发器组成的环形计数器周期怎么算，又问总共有多少种状态（这个 我没明白）。我胡扯了两句罗姐姐也就不问了。最后是李风华老师，说你举几个二进制编 码的例子。我说普通二进制编码、BCD 编码、格雷码。又问了一下格雷码有什么好处时间
电路/DL - 数字逻辑与处理器基础	电路/DL - 数字逻辑与处理器基础/QUESTIONS.md	Q05	二进制、BCD 与 Gray 码	举出几种二进制编码，并说明 Gray 码的好处。	test/2013-面试经历小结-黄博.pdf	0.438	regular	2013-面试经历小结-黄博.pdf	算，如果用偶数个反相器行不行。然后又开始问环形计数器，问N个D触发器组成的环形计数器周期怎么算， 又问总共有多少种状态（这个我没明白）。我胡扯了两句罗姐姐也就不问了。最后是李风华老师，说你举几个 二进制编码的例子。我说普通二进制编码、BCD编码、格雷码。又问了一下格雷码有什么好处时间就到了。总
电路/DL - 数字逻辑与处理器基础	电路/DL - 数字逻辑与处理器基础/QUESTIONS.md	Q06	阻塞与非阻塞赋值	什么是阻塞赋值与非阻塞赋值？它们分别用于组合逻辑还是时序逻辑？	test/2013-据说留下面经可以攒人品-戴国浩.pdf	0.583	regular	2013-据说留下面经可以攒人品-戴国浩.pdf	诉我~~ 接下来的节奏就比较快了，问了好多数字电路和verilog的问题： 什么是阻塞和非阻塞赋值？分别用于什么电路（组合or时序）？
电路/DL - 数字逻辑与处理器基础	电路/DL - 数字逻辑与处理器基础/QUESTIONS.md	Q06	阻塞与非阻塞赋值	什么是阻塞赋值与非阻塞赋值？它们分别用于组合逻辑还是时序逻辑？	test/2013-面经_零字班.pdf	0.667	regular	2013-面经_零字班.pdf	的问题，欢迎知道这题正确做法的同学告诉我~~ 接下来的节奏就比较快了，问了好多数字电路和 verilog 的问题： 什么是阻塞和非阻塞赋值？分别用于什么电路（组合 or 时序）？
电路/DL - 数字逻辑与处理器基础	电路/DL - 数字逻辑与处理器基础/QUESTIONS.md	Q06	阻塞与非阻塞赋值	为什么不能在两个 `always` 块或两个连续赋值中驱动同一变量？对应什么电路模型，会产生什么问题？	test/2013-面经_零字班.pdf	0.686	regular	2013-面经_零字班.pdf	什么是阻塞和非阻塞赋值？分别用于什么电路（组合 or 时序）？ 为什么不能在两个 always 模块里（或者两个 assign 语句）对同一变量赋值？对应 什么样的电路模型？会出什么问题？
电路/DL - 数字逻辑与处理器基础	电路/DL - 数字逻辑与处理器基础/QUESTIONS.md	Q07	FPGA 运算与可编程机制	VHDL 怎样通过 `process` 实现组合逻辑？FPGA 中怎样实现乘法？	test/2012-面经_九字班2.pdf	0.529	regular	2012-面经_九字班2.pdf	寄存器和动态存储器的区别 （VHDL）如何通过进程实现一个组合逻辑阿？ FPGA 乘法怎么实现
电路/DL - 数字逻辑与处理器基础	电路/DL - 数字逻辑与处理器基础/QUESTIONS.md	Q07	FPGA 运算与可编程机制	FPGA 为什么能够实现可编程数字功能？	test/2020-七字班推研面经-潘美竹.docx	0.5	regular	2020-七字班推研面经-潘美竹.docx	怎么实现二倍频？ FPGA是怎么实现编程功能？ 如何实现数字电路进行字符串匹配？
电路/DL - 数字逻辑与处理器基础	电路/DL - 数字逻辑与处理器基础/QUESTIONS.md	Q08	用数字电路实现字符串匹配	怎样用数字电路实现字符串匹配？	test/2020-七字班推研面经-潘美竹.docx	0.615	regular	2020-七字班推研面经-潘美竹.docx	怎么实现二倍频？ FPGA是怎么实现编程功能？ 如何实现数字电路进行字符串匹配？
电路/DL - 数字逻辑与处理器基础	电路/DL - 数字逻辑与处理器基础/QUESTIONS.md	Q09	补码与减法器	为什么处理器通常不单独实现减法器？补码比原码有什么优势？反码有什么应用？	test/2024-一字班推研面经-李羿璇.pdf	0.536	regular	2024-一字班推研面经-李羿璇.pdf	最后⾃由讨论，抽⼀个话题（中⽂，笔者抽的是⼈⼯智能与 ChatGPT 对当下教育的冲击，胡⾔乱语就好） 计算机组 mhb：为什么不实现减法器？（补码）补码⽐原码的优势？（运算封闭？可以直接加？不知道）反码有什么应⽤？
电路/DL - 数字逻辑与处理器基础	电路/DL - 数字逻辑与处理器基础/QUESTIONS.md	Q10	Verilog 与 C 的执行模型	Verilog 和 C 有什么区别？	test/2020-七字班推研面经-潘美竹.docx	1.0	regular	2020-七字班推研面经-潘美竹.docx	CMOS是什么？它的功耗来源？ 学过通信电路吗 Verilog和C有什么区别？
电路/DL - 数字逻辑与处理器基础	电路/DL - 数字逻辑与处理器基础/QUESTIONS.md	Q11	锁存器、触发器与时序逻辑	锁存器和触发器有什么区别？触发器一定由两个锁存器组成吗？	test/2012-面经_九字班2.pdf	0.619	regular	2012-面经_九字班2.pdf	数电：亚稳态的概念，以及电路中在什么情况下会出现亚稳态。用 MOS 管搭与非门，需要 用几个管子，N 管是串联还是并联？ 锁存器和触发器的区别
电路/DL - 数字逻辑与处理器基础	电路/DL - 数字逻辑与处理器基础/QUESTIONS.md	Q11	锁存器、触发器与时序逻辑	锁存器和触发器有什么区别？触发器一定由两个锁存器组成吗？	test/2024-一字班推研面经-zcy.docx	0.81	regular	2024-一字班推研面经-zcy.docx	我不知道累加器是什么，就问老师是不是行波进位加法器，老师说就是从1+2一直加到100，我还是不知道，憋了半天憋出一个多路选择器，甚至连异或门都忘了，然后老师就开始问下一个。 触发器和锁存器有什么区别？ 我又忘了时序上它们什么区别了，于是就开始从结构上扯，我说触发器是由两个锁存器组成，一个主锁存器和一个从锁存器。然后这时候lxq老师又插了一句：触发器一定是这样的结构吗？我颤抖着说D触发器，然后又被问：D触发器一定是这样的结构吗？我又颤颤巍巍地说不一定，lxq老师笑了一下，就过了
电路/DL - 数字逻辑与处理器基础	电路/DL - 数字逻辑与处理器基础/QUESTIONS.md	Q11	锁存器、触发器与时序逻辑	组合逻辑和时序逻辑有什么区别？为什么要引入时序逻辑？	test/2024-一字班推研面经-zcy.docx	1.0	regular	2024-一字班推研面经-zcy.docx	扇入扇出系数会不会发生变化？ 我又沉默了一会，然后说：对不起，老师，我不清楚，此时心里已经大乱了。 那我问一下，组合逻辑和时序逻辑有什么区别？我们为什么要引入时序逻辑？
电路/DL - 数字逻辑与处理器基础	电路/DL - 数字逻辑与处理器基础/QUESTIONS.md	Q12	建立时间、保持时间与最高时钟频率	什么是建立时间和保持时间？	test/2012-面经_九字班1.pdf	0.6	regular	2012-面经_九字班1.pdf	把一个物体从手中向任意方向抛出，其运动轨迹是什么曲线（椭圆） 肖特基的工作机理 什么是触发器建立时间和有效时间
电路/DL - 数字逻辑与处理器基础	电路/DL - 数字逻辑与处理器基础/QUESTIONS.md	Q12	建立时间、保持时间与最高时钟频率	什么是建立时间和保持时间？	test/2012-面经_九字班2.pdf	0.5	regular	2012-面经_九字班2.pdf	数电时序电路中，状态分配是否是是任意的，对后面有什么影响？ 寄存器和动态存储器的区别 还有就是 D 触发器的各种时间各种漂移……什么“建立时间”之类的，整个延时的原理要
电路/DL - 数字逻辑与处理器基础	电路/DL - 数字逻辑与处理器基础/QUESTIONS.md	Q12	建立时间、保持时间与最高时钟频率	什么是建立时间和保持时间？	test/2024-一字班推研面经-yj自行整理.zip	0.7	zip-interview	2024-一字班推研面经-yj自行整理.zip::面经-yj自行整理/markdown/推研面经2024.md	综合组就这样顺利结束了........ **电路组：**李学清老师上来就开始搞心态（一分半问了四个问题，答不上来就过，当时心里都感觉凉了....心态直接爆炸.....） 1.什么是触发器的建立时间，什么是保持时间？
电路/DL - 数字逻辑与处理器基础	电路/DL - 数字逻辑与处理器基础/QUESTIONS.md	Q12	建立时间、保持时间与最高时钟频率	数字电路的最高时钟频率由什么决定？怎样降低组合逻辑延时？	test/2025-二字班推研面经-wj.pdf	0.8	regular	2025-二字班推研面经-wj.pdf	然后这位老师放过我了（松了一口气） 李学清：数字电路的时钟频率由什么决定？ 我：由触发器的 clock to q 延时、组合逻辑最大延时和触发器的建立时间决定。（
电路/DL - 数字逻辑与处理器基础	电路/DL - 数字逻辑与处理器基础/QUESTIONS.md	Q12	建立时间、保持时间与最高时钟频率	在 D 触发器输出端增加两个反相器，哪些延时参数会变化？	test/2024-一字班推研面经-zcy.docx	0.696	regular	2024-一字班推研面经-zcy.docx	Lxq老师首先展开攻势 先问问触发器吧，在D触发器的输出Q后面加两个反相器，会导致什么参数发生变化 我答延时，于是问：
电路/DL - 数字逻辑与处理器基础	电路/DL - 数字逻辑与处理器基础/QUESTIONS.md	Q13	负建立时间、负保持时间与时钟偏斜	建立时间能否为负？保持时间能否为负？两者能否同时为负？	test/2024-一字班推研面经-yj自行整理.zip	0.438	zip-interview	2024-一字班推研面经-yj自行整理.zip::面经-yj自行整理/markdown/推研面经2024.md	**电路组：**李学清老师上来就开始搞心态（一分半问了四个问题，答不上来就过，当时心里都感觉凉了....心态直接爆炸.....） 1.什么是触发器的建立时间，什么是保持时间？ 2.建立时间能不能是负的？保持时间能不能是负的？它们两个能不能同时是负的？（这个lxq上课还真讲过，但我忘了.........)
电路/DL - 数字逻辑与处理器基础	电路/DL - 数字逻辑与处理器基础/QUESTIONS.md	Q13	负建立时间、负保持时间与时钟偏斜	在时钟输入增加延时后，建立时间约束和保持时间约束怎样变化？	test/2024-一字班推研面经-李羿璇.pdf	0.522	regular	2024-一字班推研面经-李羿璇.pdf	应该是有关他上课讲的搭积⽊的那个例⼦，但是我没上过 lxq 的数逻啊，G [PAGE 2] 然后问在时钟输⼊加个延时，保持时间约束和建⽴时间约束怎么变（保持时间变短，建⽴时间变⻓）
电路/DL - 数字逻辑与处理器基础	电路/DL - 数字逻辑与处理器基础/QUESTIONS.md	Q14	亚稳态与跨时钟域同步	什么是亚稳态？什么情况下会出现？	test/2012-面经_九字班1.pdf	0.833	regular	2012-面经_九字班1.pdf	跨接电容（Miller 电容）、耦合电容、旁路电容的作用 关于镜像抑制 数电：亚稳态的概念，以及电路中在什么情况下会出现亚稳态。用 MOS 管搭与非门，需
电路/DL - 数字逻辑与处理器基础	电路/DL - 数字逻辑与处理器基础/QUESTIONS.md	Q14	亚稳态与跨时钟域同步	什么是亚稳态？什么情况下会出现？	test/2012-面经_九字班2.pdf	0.833	regular	2012-面经_九字班2.pdf	电子系推研面试参考资料 3 九字班面经分类整理 By Waiter  For W22 W23 W24 【数电】 数电：亚稳态的概念，以及电路中在什么情况下会出现亚稳态。用 MOS 管搭与非门，需要
电路/DL - 数字逻辑与处理器基础	电路/DL - 数字逻辑与处理器基础/QUESTIONS.md	Q14	亚稳态与跨时钟域同步	什么是亚稳态？什么情况下会出现？	test/2013-面经_零字班.pdf	0.667	regular	2013-面经_零字班.pdf	我：（终于想起了上学期被我写在 A4 纸上带去考试的那两个不认识的单词）啊，好像叫 in 什么 impedance。（注：intrinsic impedance） 长征 GG：（微微一笑）叫特征阻抗是吧……那电磁波在有损媒质中传播会出现什么现象？
电路/DL - 数字逻辑与处理器基础	电路/DL - 数字逻辑与处理器基础/QUESTIONS.md	Q15	同步复位与异步复位	一个时序电路接有异步复位信号，为什么有时能复位、有时不能？怎样解决？	test/2014-记一次人品大爆发-郭开元.pdf	0.63	regular	2014-记一次人品大爆发-郭开元.pdf	1.串串负反馈能构成什么放大电路？（一开始还答成跨阻了简直太丢人……） 2.放大器有哪些主要参数？（真是没看过，稍微蒙了几个……） 3.有一个时序电路，接了一个异步复位信号，但是有时候好使有时候不好使，是什么原因？怎么解决？（因为
电路/DL - 数字逻辑与处理器基础	电路/DL - 数字逻辑与处理器基础/QUESTIONS.md	Q16	有限状态机类型与状态编码	数字时序电路的状态分配是否任意？它对后续电路有什么影响？	test/2012-面经_九字班1.pdf	0.708	regular	2012-面经_九字班1.pdf	说说 FIR 和 IIR 的优缺点 数电时序电路中，状态分配是否是是任意的，对后面有什么影响？ 负反馈电路的分类及优缺点，缺点的解决方法？
电路/DL - 数字逻辑与处理器基础	电路/DL - 数字逻辑与处理器基础/QUESTIONS.md	Q16	有限状态机类型与状态编码	数字时序电路的状态分配是否任意？它对后续电路有什么影响？	test/2012-面经_九字班2.pdf	0.667	regular	2012-面经_九字班2.pdf	加法器实现减法 用一个移位寄存器实现一个计数器 数电时序电路中，状态分配是否是是任意的，对后面有什么影响？
电路/DL - 数字逻辑与处理器基础	电路/DL - 数字逻辑与处理器基础/QUESTIONS.md	Q16	有限状态机类型与状态编码	Mealy 和 Moore 状态机有什么区别？设计时根据什么选择？	test/2012-面经_九字班1.pdf	0.667	regular	2012-面经_九字班1.pdf	用 散列的特点，散列与其他相比的效率，如何提高 debug 和 release 有什么区别，哪个效率高
电路/DL - 数字逻辑与处理器基础	电路/DL - 数字逻辑与处理器基础/QUESTIONS.md	Q16	有限状态机类型与状态编码	Mealy 和 Moore 状态机有什么区别？设计时根据什么选择？	test/2012-面经_九字班2.pdf	0.556	regular	2012-面经_九字班2.pdf	还有就是 D 触发器的各种时间各种漂移……什么“建立时间”之类的，整个延时的原理要 搞清楚 Mealy 和Moore 的区别，怎么选择
电路/DL - 数字逻辑与处理器基础	电路/DL - 数字逻辑与处理器基础/QUESTIONS.md	Q16	有限状态机类型与状态编码	Mealy 和 Moore 状态机有什么区别？设计时根据什么选择？	test/2014-记一次人品大爆发-郭开元.pdf	0.5	regular	2014-记一次人品大爆发-郭开元.pdf	3.有一个时序电路，接了一个异步复位信号，但是有时候好使有时候不好使，是什么原因？怎么解决？（因为 之前一直听说建立时间和保持时间一定会问，所以估计这里可以用。解决方法什么的……） 4.有限状态机有哪几种？设计的时候应该根据哪些因素来确定用哪一种有限状态机？
电路/DL - 数字逻辑与处理器基础	电路/DL - 数字逻辑与处理器基础/QUESTIONS.md	Q17	移位寄存器与环形计数器	怎样用移位寄存器实现计数器？	test/2012-面经_九字班1.pdf	0.75	regular	2012-面经_九字班1.pdf	各种传输线的模式 看一个递归的 C 程序 用一个移位寄存器实现一个计数器
电路/DL - 数字逻辑与处理器基础	电路/DL - 数字逻辑与处理器基础/QUESTIONS.md	Q17	移位寄存器与环形计数器	怎样用移位寄存器实现计数器？	test/2012-面经_九字班2.pdf	0.667	regular	2012-面经_九字班2.pdf	锁存器和触发器的区别 加法器实现减法 用一个移位寄存器实现一个计数器
电路/DL - 数字逻辑与处理器基础	电路/DL - 数字逻辑与处理器基础/QUESTIONS.md	Q17	移位寄存器与环形计数器	$N$ 个 D 触发器组成的环形计数器，周期是多少？共有多少种状态？	test/2013-面试经历小结-黄博.pdf	0.913	regular	2013-面试经历小结-黄博.pdf	说是一串反相器，罗姐姐说你再想想，我反应过来那是环形振荡器。罗姐姐就干脆问环形振荡器，问周期怎么 算，如果用偶数个反相器行不行。然后又开始问环形计数器，问N个D触发器组成的环形计数器周期怎么算， 又问总共有多少种状态（这个我没明白）。我胡扯了两句罗姐姐也就不问了。最后是李风华老师，说你举几个
电路/DL - 数字逻辑与处理器基础	电路/DL - 数字逻辑与处理器基础/QUESTIONS.md	Q17	移位寄存器与环形计数器	$N$ 个 D 触发器组成的环形计数器，周期是多少？共有多少种状态？	test/2013-面经_零字班.pdf	0.913	regular	2013-面经_零字班.pdf	形计数器吗，我说是一串反相器，罗姐姐说你再想想，我反应过来那是环形振荡器。罗姐 姐就干脆问环形振荡器，问周期怎么算，如果用偶数个反相器行不行。然后又开始问环形 计数器，问 N 个 D 触发器组成的环形计数器周期怎么算，又问总共有多少种状态（这个
电路/DL - 数字逻辑与处理器基础	电路/DL - 数字逻辑与处理器基础/QUESTIONS.md	Q18	时钟偏斜、抖动与时序裕量	时钟漂移会造成什么问题？	test/2009-推研资料.docx	0.7	regular	2009-推研资料.docx	我说是加上一个非线性进行转换的模拟电路，经过计算以后可以得到想要的特性曲线。然后冬梅jj问： 8.如果这个曲线的解析式无法被准确表示呢？ 我说，用一个简单的表格列出来转换关系就ok了。然后老师们就放我走了。由于我抽到的这个问题比较开放性，所以感觉也还比较容易回答。回答前先想一想就好了。感觉这一组容易被问到难题。他们有些被问到三态门，有些被问到时钟漂移的。总之稍微复杂一点的概念我就不知道了。
电路/DL - 数字逻辑与处理器基础	电路/DL - 数字逻辑与处理器基础/QUESTIONS.md	Q18	时钟偏斜、抖动与时序裕量	时钟漂移会造成什么问题？	test/2012-面经_九字班2.pdf	0.7	regular	2012-面经_九字班2.pdf	我说，用一个简单的表格列出来转换关系就 ok 了。然后老师们就放我走了。由于我抽到的 这个问题比较开放性，所以感觉也还比较容易回答。回答前先想一想就好了。感觉这一组 容易被问到难题。他们有些被问到三态门，有些被问到时钟漂移的。总之稍微复杂一点的
电路/DL - 数字逻辑与处理器基础	电路/DL - 数字逻辑与处理器基础/QUESTIONS.md	Q19	累加器的组成与工作过程	用数字电路计算 $1+2+\cdots+100$，累加器由哪些部件组成？	test/2024-一字班推研面经-zcy.docx	0.625	regular	2024-一字班推研面经-zcy.docx	那我问一下，组合逻辑和时序逻辑有什么区别？我们为什么要引入时序逻辑？ 这个时候我心理防线已经崩塌了，于是开始乱扯：“因为组合逻辑不能表示时序，所以我们引入了时序逻辑，内建有时序的概念，来表示时序的逻辑。”然后我越说lxq老师脸越黑，我突然想到上课的时候说过的跑步公里数累积，然后一下子叫出来：“哦！时序逻辑有记忆的功能，能够表示状态的转移。”然后就过了。 然后数逻实验的zc老师出手了：累加器都有什么部件组成？
电路/DL - 数字逻辑与处理器基础	电路/DL - 数字逻辑与处理器基础/QUESTIONS.md	Q20	数字温度计系统设计	设计一个数字温度计并画出流程图。微弱传感器电压怎样处理？传感器非线性且解析式不能准确表示时怎样校正？	test/2009-推研资料.docx	0.581	regular	2009-推研资料.docx	4.设计一个数字温度计，要求画出流程图。 我画了一个大致的，大概就是温度通过传感器变成电压信号，模拟电压信号再通过A/D转换器转换成数字表示。这个以前数模混合的时候做过，所以还答得比较顺利。之后老师们看了我的图，又问了问几个细节： 5.如果电压值比较微弱，什么处理方式？
电路/DL - 数字逻辑与处理器基础	电路/DL - 数字逻辑与处理器基础/QUESTIONS.md	Q20	数字温度计系统设计	设计一个数字温度计并画出流程图。微弱传感器电压怎样处理？传感器非线性且解析式不能准确表示时怎样校正？	test/2012-面经_九字班2.pdf	0.628	regular	2012-面经_九字班2.pdf	设计一个数字温度计，要求画出流程图。 我画了一个大致的，大概就是温度通过传感器变成电压信号，模拟电压信号再通过 A/D 转 换器转换成数字表示。这个以前数模混合的时候做过，所以还答得比较顺利。之后老师们
电路/DL - 数字逻辑与处理器基础	电路/DL - 数字逻辑与处理器基础/QUESTIONS.md	Q21	分频与倍频	怎样实现四分频？计数器的原理是什么？怎样实现二倍频？	test/2020-七字班推研面经-潘美竹.docx	0.789	regular	2020-七字班推研面经-潘美竹.docx	怎么实现四分频？ 计数器原理 怎么实现二倍频？
电路/DL - 数字逻辑与处理器基础	电路/DL - 数字逻辑与处理器基础/QUESTIONS.md	Q22	CMOS 供电电压、延时与功耗	提高 CMOS 反相器的供电电压，延时怎样变化？为什么不能只看输出达到某个比例电压的绝对值？	test/2024-一字班推研面经-yj自行整理.zip	0.389	zip-interview	2024-一字班推研面经-yj自行整理.zip::面经-yj自行整理/markdown/推研面经2024.md	1.什么是触发器的建立时间，什么是保持时间？ 2.建立时间能不能是负的？保持时间能不能是负的？它们两个能不能同时是负的？（这个lxq上课还真讲过，但我忘了.........) 3.一个CMOS反相器，提高他的供电电压，反相器的延时是增大还是减小？
电路/DL - 数字逻辑与处理器基础	电路/DL - 数字逻辑与处理器基础/QUESTIONS.md	Q22	CMOS 供电电压、延时与功耗	提高 CMOS 反相器的供电电压，延时怎样变化？为什么不能只看输出达到某个比例电压的绝对值？	test/2024-一字班推研面经-高思研.pdf	0.167	regular	2024-一字班推研面经-高思研.pdf	进去之前听说狂问数电，但是我进去的时候数电模电都有问。问题其实记得没那么清楚了，印象中问了 延时的相关问题、 cache 的结构、三态门高阻态。我回答延迟的时候提到了  提高  VDD 降低延时，然后模 电的老师问了为什么（ 1V 的  VDD 电压到  0.8V 可以导通， 2V 的  VDD 电压到  1.6V 可以导通，那延时会
电路/DL - 数字逻辑与处理器基础	电路/DL - 数字逻辑与处理器基础/QUESTIONS.md	Q22	CMOS 供电电压、延时与功耗	降低数字电路工作电压有什么好处和坏处？	test/2024-一字班推研面经_高希钢.docx	0.882	regular	2024-一字班推研面经_高希钢.docx	张超：那具体能怎么降低呢？ 啊这个就比如最经典的，我们在流水线里面可以把数据和指令分两个存储器存储，用更多的空间来降低整体的时间消耗 不认识老师1：一个数字电路，如果降低它的工作电压，有什么好处和坏处？
电路/DL - 数字逻辑与处理器基础	电路/DL - 数字逻辑与处理器基础/QUESTIONS.md	Q23	SRAM、DRAM 与存储层次	寄存器、缓存、主存和硬盘的速度怎样排序？寄存器、SRAM 与 DRAM 的存储单元有什么区别？为什么 SRAM 更快、DRAM 需要刷新？	test/2012-面经_九字班2.pdf	0.316	regular	2012-面经_九字班2.pdf	用一个移位寄存器实现一个计数器 数电时序电路中，状态分配是否是是任意的，对后面有什么影响？ 寄存器和动态存储器的区别
电路/DL - 数字逻辑与处理器基础	电路/DL - 数字逻辑与处理器基础/QUESTIONS.md	Q23	SRAM、DRAM 与存储层次	寄存器、缓存、主存和硬盘的速度怎样排序？寄存器、SRAM 与 DRAM 的存储单元有什么区别？为什么 SRAM 更快、DRAM 需要刷新？	test/2014-一字班推研那点事儿（2）-宗泽宇.pdf	0.447	regular	2014-一字班推研那点事儿（2）-宗泽宇.pdf	9、主存、缓存、硬盘、寄存器速度排序 10、缓存和寄存器单元结构 11、DRAM和SRAM结构，为什么前者慢一些
电路/DL - 数字逻辑与处理器基础	电路/DL - 数字逻辑与处理器基础/QUESTIONS.md	Q23	SRAM、DRAM 与存储层次	寄存器、缓存、主存和硬盘的速度怎样排序？寄存器、SRAM 与 DRAM 的存储单元有什么区别？为什么 SRAM 更快、DRAM 需要刷新？	test/2023-0字班推研面经-1.pdf	0.211	regular	2023-0字班推研面经-1.pdf	短和虚断？ 2. SRAM 和 DRAM 的区别？（答了答基本组成，应用场景等）为什么 SRAM 比 DRAM 快？ （刷新问题）从电路角度解释一下为什么 SRAM 不需要刷新？（这个问题答得很寄，我
电路/DL - 数字逻辑与处理器基础	电路/DL - 数字逻辑与处理器基础/QUESTIONS.md	Q24	Cache 结构与 3C 失效	Cache 的 3C 失效分别是什么？	test/2013-面经_零字班.pdf	0.667	regular	2013-面经_零字班.pdf	到点上 好吧我错了。。。最基本的概念这是。回去果断面壁 ”你提到了两类错误，分别是什么？“
电路/DL - 数字逻辑与处理器基础	电路/DL - 数字逻辑与处理器基础/QUESTIONS.md	Q24	Cache 结构与 3C 失效	Cache 的结构是什么？	test/2024-一字班推研面经-高思研.pdf	0.833	regular	2024-一字班推研面经-高思研.pdf	进去之前听说狂问数电，但是我进去的时候数电模电都有问。问题其实记得没那么清楚了，印象中问了 延时的相关问题、 cache 的结构、三态门高阻态。我回答延迟的时候提到了  提高  VDD 降低延时，然后模 电的老师问了为什么（ 1V 的  VDD 电压到  0.8V 可以导通， 2V 的  VDD 电压到  1.6V 可以导通，那延时会
电路/DL - 数字逻辑与处理器基础	电路/DL - 数字逻辑与处理器基础/QUESTIONS.md	Q25	单周期处理器的数据通路	单周期处理器有哪些主要部件？执行一条指令经过哪些步骤？	test/2013-趁没忘记题目-谷梦媛.pdf	0.478	regular	2013-趁没忘记题目-谷梦媛.pdf	计算机 马慧敏老师一直问我关于流水线的一些问题，挺简单的… 1 单周期的处理器有哪些部件？各个步骤叫啥？
电路/DL - 数字逻辑与处理器基础	电路/DL - 数字逻辑与处理器基础/QUESTIONS.md	Q25	单周期处理器的数据通路	单周期处理器有哪些主要部件？执行一条指令经过哪些步骤？	test/2013-面经_零字班.pdf	0.609	regular	2013-面经_零字班.pdf	计算机 马慧敏老师一直问我关于流水线的一些问题，挺简单的… 1 单周期的处理器有哪些部件？各个步骤叫啥？
电路/DL - 数字逻辑与处理器基础	电路/DL - 数字逻辑与处理器基础/QUESTIONS.md	Q25	单周期处理器的数据通路	单周期处理器有哪些主要部件？执行一条指令经过哪些步骤？	test/2016-推研面试经验分享_胡雨婷.pptx	0.522	regular	2016-推研面试经验分享_胡雨婷.pptx	流水线、加速比、冒险及解决方法 单周期处理器有哪些部件？各个步骤是什么？ C语言中命令如何用指令方式实现
电路/DL - 数字逻辑与处理器基础	电路/DL - 数字逻辑与处理器基础/QUESTIONS.md	Q26	条件分支与 MIPS 数据通路	C 语言的 `if` 怎样翻译成 MIPS 指令？`beq` 在数据通路中怎样执行？16 位立即数为什么要扩展？分支目标地址怎样计算？	test/2013-推研那点儿事（上）-魏特.pdf	0.452	regular	2013-推研那点儿事（上）-魏特.pdf	马JJ：……如何实现C语言中if语句的功能？ 我：（松了口气，看来“借鉴”也就“借鉴”了）可以用比较指令加上分支指令beq来实现。 马JJ：那在MIPS中，beq指令的执行过程是什么样的？
电路/DL - 数字逻辑与处理器基础	电路/DL - 数字逻辑与处理器基础/QUESTIONS.md	Q26	条件分支与 MIPS 数据通路	C 语言的 `if` 怎样翻译成 MIPS 指令？`beq` 在数据通路中怎样执行？16 位立即数为什么要扩展？分支目标地址怎样计算？	test/2013-面经_零字班.pdf	0.643	regular	2013-面经_零字班.pdf	指令存储器中取指，然后译码并读取寄存器，然后进行 ALU 运算，相等则分支，采用 PC 相对寻址，利用多路选择器将 PC 置为 PC+4+offset 左移两位，否则正常执行下一指令。 马 JJ：你刚才说到 I 型指令……那么 16 位立即数是如何进行 ALU 运算的？
电路/DL - 数字逻辑与处理器基础	电路/DL - 数字逻辑与处理器基础/QUESTIONS.md	Q26	条件分支与 MIPS 数据通路	C 语言的 `if` 怎样翻译成 MIPS 指令？`beq` 在数据通路中怎样执行？16 位立即数为什么要扩展？分支目标地址怎样计算？	test/2016-推研面试经验分享_胡雨婷.pptx	0.214	regular	2016-推研面试经验分享_胡雨婷.pptx	单周期处理器有哪些部件？各个步骤是什么？ C语言中命令如何用指令方式实现 如：如何实现C语言中if语句的功能
电路/DL - 数字逻辑与处理器基础	电路/DL - 数字逻辑与处理器基础/QUESTIONS.md	Q27	流水线原理、性能与瓶颈	什么是流水线？怎样评价流水线性能？$k$ 级流水线的理想加速比是多少，为什么实际达不到？流水线越深越好吗？	test/2012-面经_九字班1.pdf	0.417	regular	2012-面经_九字班1.pdf	有 1000 个节点的完全二叉树有多少个叶子节点？为什么? CMOS 是什么？有什么特点？ 频域受限，实域也受限的系统怎么实现?
电路/DL - 数字逻辑与处理器基础	电路/DL - 数字逻辑与处理器基础/QUESTIONS.md	Q27	流水线原理、性能与瓶颈	什么是流水线？怎样评价流水线性能？$k$ 级流水线的理想加速比是多少，为什么实际达不到？流水线越深越好吗？	test/2013-趁没忘记题目-谷梦媛.pdf	0.361	regular	2013-趁没忘记题目-谷梦媛.pdf	2 有啥冒险竞争之类的？怎么解决的？ 3 k级流水线加速比？能不能实际达到？为啥达不到？ 4 MIPS指令和处理器结构是什么关系，和数据通路什么关系？（我不明白想问啥…所以我瞎说了一会，打铃了
电路/DL - 数字逻辑与处理器基础	电路/DL - 数字逻辑与处理器基础/QUESTIONS.md	Q27	流水线原理、性能与瓶颈	什么是流水线？怎样评价流水线性能？$k$ 级流水线的理想加速比是多少，为什么实际达不到？流水线越深越好吗？	test/2013-据说留下面经可以攒人品-戴国浩.pdf	0.222	regular	2013-据说留下面经可以攒人品-戴国浩.pdf	吴及老师，黄永峰老师和孙甲松老师，有点意外。都问了我这些问题： 市场上现在比较流行的两种指令集结构是什么？都有什么特点？ 流水线是怎么实现的？为什么MIPS可以做流水（当然X86也能哈）？
电路/DL - 数字逻辑与处理器基础	电路/DL - 数字逻辑与处理器基础/QUESTIONS.md	Q27	流水线原理、性能与瓶颈	什么是流水线？怎样评价流水线性能？$k$ 级流水线的理想加速比是多少，为什么实际达不到？流水线越深越好吗？	test/2013-面经_零字班.pdf	0.639	regular	2013-面经_零字班.pdf	2 有啥冒险竞争之类的？怎么解决的？ 3 k 级流水线加速比？能不能实际达到？为啥达不到？ 4 MIPS 指令和处理器结构是什么关系，和数据通路什么关系？（我不明白想问啥…所以我
电路/DL - 数字逻辑与处理器基础	电路/DL - 数字逻辑与处理器基础/QUESTIONS.md	Q27	流水线原理、性能与瓶颈	什么是流水线？怎样评价流水线性能？$k$ 级流水线的理想加速比是多少，为什么实际达不到？流水线越深越好吗？	test/2014-记一次人品大爆发-郭开元.pdf	0.222	regular	2014-记一次人品大爆发-郭开元.pdf	之前一直听说建立时间和保持时间一定会问，所以估计这里可以用。解决方法什么的……） 4.有限状态机有哪几种？设计的时候应该根据哪些因素来确定用哪一种有限状态机？ 5.流水线加速的原理？能将CPU主频提高多少？
电路/DL - 数字逻辑与处理器基础	电路/DL - 数字逻辑与处理器基础/QUESTIONS.md	Q27	流水线原理、性能与瓶颈	什么是流水线？怎样评价流水线性能？$k$ 级流水线的理想加速比是多少，为什么实际达不到？流水线越深越好吗？	test/2017-面试经验-陈誉博.docx	0.306	regular	2017-面试经验-陈誉博.docx	CPU里面流水线和单周期的优点和缺点是什么？ 流水线是把一个任务分解成多个子任务，每个子任务依次进行，并行运算，通过时间重叠来提高处理器的速度；而单周期是在一个时钟周期内把一个指令里面的所有子任务都执行完，在执行其中一步的时候其他部分的硬件就会闲置，所以利用率不高。流水线是通过提高吞吐率来加快速度而加快速度，实际上每个阶段的延时都会有一定的恶化。 流水线的频率能比单周期高吗？
电路/DL - 数字逻辑与处理器基础	电路/DL - 数字逻辑与处理器基础/QUESTIONS.md	Q27	流水线原理、性能与瓶颈	什么是流水线？怎样评价流水线性能？$k$ 级流水线的理想加速比是多少，为什么实际达不到？流水线越深越好吗？	test/2024-一字班推研面经-zcy.docx	0.472	regular	2024-一字班推研面经-zcy.docx	计算机组中规中矩，但说好的数算呢，以及我想在电路组用来水时间的流水线怎么跑这来了？主要问题有这些： 知道流水线吧，说说什么是流水线？ 怎么去评价一个流水线的性能？
电路/DL - 数字逻辑与处理器基础	电路/DL - 数字逻辑与处理器基础/QUESTIONS.md	Q28	流水线冒险及其处理	流水线有哪些冒险？分别怎样处理？旁路能否解决所有数据冒险？`load-use` 和分支冒险怎样处理？为什么编译器已经调度，硬件仍要处理冒险？	test/2013-趁没忘记题目-谷梦媛.pdf	0.196	regular	2013-趁没忘记题目-谷梦媛.pdf	马慧敏老师一直问我关于流水线的一些问题，挺简单的… 1 单周期的处理器有哪些部件？各个步骤叫啥？ 2 有啥冒险竞争之类的？怎么解决的？
电路/DL - 数字逻辑与处理器基础	电路/DL - 数字逻辑与处理器基础/QUESTIONS.md	Q28	流水线冒险及其处理	流水线有哪些冒险？分别怎样处理？旁路能否解决所有数据冒险？`load-use` 和分支冒险怎样处理？为什么编译器已经调度，硬件仍要处理冒险？	test/2013-据说留下面经可以攒人品-戴国浩.pdf	0.348	regular	2013-据说留下面经可以攒人品-戴国浩.pdf	流水线当中有哪几种冒险？怎么处理？ 从编译器上怎么优化尽量避免冒险？ 为什么软件上可以优化了，硬件上还要处理冒险？
电路/DL - 数字逻辑与处理器基础	电路/DL - 数字逻辑与处理器基础/QUESTIONS.md	Q28	流水线冒险及其处理	流水线有哪些冒险？分别怎样处理？旁路能否解决所有数据冒险？`load-use` 和分支冒险怎样处理？为什么编译器已经调度，硬件仍要处理冒险？	test/2013-推研那点儿事（上）-魏特.pdf	0.326	regular	2013-推研那点儿事（上）-魏特.pdf	胡说了，哪位老师快救救我吧>_<）……从软件方面可以进行指令调度…… 不认识老师2：（霸气地）举一个例子！ 我：（老师您太nice了^_^）比如流水线中的load-use型冒险，是不能通过数据转发解决的，必须加入阻塞，
电路/DL - 数字逻辑与处理器基础	电路/DL - 数字逻辑与处理器基础/QUESTIONS.md	Q28	流水线冒险及其处理	流水线有哪些冒险？分别怎样处理？旁路能否解决所有数据冒险？`load-use` 和分支冒险怎样处理？为什么编译器已经调度，硬件仍要处理冒险？	test/2013-面经_零字班.pdf	0.565	regular	2013-面经_零字班.pdf	流水线当中有哪几种冒险？怎么处理？ 从编译器上怎么优化尽量避免冒险？ 为什么软件上可以优化了，硬件上还要处理冒险？
电路/DL - 数字逻辑与处理器基础	电路/DL - 数字逻辑与处理器基础/QUESTIONS.md	Q28	流水线冒险及其处理	流水线有哪些冒险？分别怎样处理？旁路能否解决所有数据冒险？`load-use` 和分支冒险怎样处理？为什么编译器已经调度，硬件仍要处理冒险？	test/2024-一字班推研面经-zcy.docx	0.37	regular	2024-一字班推研面经-zcy.docx	知道流水线吧，说说什么是流水线？ 怎么去评价一个流水线的性能？ 流水线中有哪些冒险？怎么解决？
电路/DL - 数字逻辑与处理器基础	电路/DL - 数字逻辑与处理器基础/QUESTIONS.md	Q29	RISC、CISC 与流水化	RISC 和 CISC 各有什么特点？为什么 MIPS 容易实现流水线？	test/2013-据说留下面经可以攒人品-戴国浩.pdf	0.611	regular	2013-据说留下面经可以攒人品-戴国浩.pdf	吴及老师，黄永峰老师和孙甲松老师，有点意外。都问了我这些问题： 市场上现在比较流行的两种指令集结构是什么？都有什么特点？ 流水线是怎么实现的？为什么MIPS可以做流水（当然X86也能哈）？
电路/DL - 数字逻辑与处理器基础	电路/DL - 数字逻辑与处理器基础/QUESTIONS.md	Q29	RISC、CISC 与流水化	RISC 和 CISC 各有什么特点？为什么 MIPS 容易实现流水线？	test/2013-面经_零字班.pdf	0.611	regular	2013-面经_零字班.pdf	[PAGE 15] 电子系推研面试参考资料 1 零字班面经分类整理 By Waiter  For W22 W23 W24 流水线是怎么实现的？为什么 MIPS 可以做流水（当然 X86 也能哈）？
电路/DL - 数字逻辑与处理器基础	电路/DL - 数字逻辑与处理器基础/QUESTIONS.md	Q29	RISC、CISC 与流水化	RISC 和 CISC 各有什么特点？为什么 MIPS 容易实现流水线？	test/2019-推研面经-2.docx	0.167	regular	2019-推研面经-2.docx	1、左手边孙忆南老师给了一张图，说需要实现一个确定放大倍数的放大电路，要选哪个电路，有三个选项，我选了个负反馈的。 2、接着问电路图上两个电阻的比值应该是多少？ 3、负反馈有什么缺点？
电路/DL - 数字逻辑与处理器基础	电路/DL - 数字逻辑与处理器基础/QUESTIONS.md	Q30	主频与处理器性能	提高处理器主频能使性能提高多少？怎样把原本工作在 $1.5\,\mathrm{GHz}$ 的处理器提高到 $4\,\mathrm{GHz}$ 或 $5\,\mathrm{GHz}$？	test/2013-面经_零字班.pdf	0.423	regular	2013-面经_零字班.pdf	计算机 马慧敏老师一直问我关于流水线的一些问题，挺简单的… 1 单周期的处理器有哪些部件？各个步骤叫啥？
电路/DL - 数字逻辑与处理器基础	电路/DL - 数字逻辑与处理器基础/QUESTIONS.md	Q30	主频与处理器性能	提高处理器主频能使性能提高多少？怎样把原本工作在 $1.5\,\mathrm{GHz}$ 的处理器提高到 $4\,\mathrm{GHz}$ 或 $5\,\mathrm{GHz}$？	test/2014-记一次人品大爆发-郭开元.pdf	0.269	regular	2014-记一次人品大爆发-郭开元.pdf	之前一直听说建立时间和保持时间一定会问，所以估计这里可以用。解决方法什么的……） 4.有限状态机有哪几种？设计的时候应该根据哪些因素来确定用哪一种有限状态机？ 5.流水线加速的原理？能将CPU主频提高多少？
电路/DL - 数字逻辑与处理器基础	电路/DL - 数字逻辑与处理器基础/QUESTIONS.md	Q30	主频与处理器性能	提高处理器主频能使性能提高多少？怎样把原本工作在 $1.5\,\mathrm{GHz}$ 的处理器提高到 $4\,\mathrm{GHz}$ 或 $5\,\mathrm{GHz}$？	test/2024-一字班推研面经-yj自行整理.zip	0.5	zip-interview	2024-一字班推研面经-yj自行整理.zip::面经-yj自行整理/markdown/推研面经2024.md	2.建立时间能不能是负的？保持时间能不能是负的？它们两个能不能同时是负的？（这个lxq上课还真讲过，但我忘了.........) 3.一个CMOS反相器，提高他的供电电压，反相器的延时是增大还是减小？ 4.一个原本工作在1.5GHz主频的处理器怎么让他工作在4GHz，5GHz的主频（我答的多周期，流水线，多线程）
电路/DL - 数字逻辑与处理器基础	电路/DL - 数字逻辑与处理器基础/QUESTIONS.md	Q31	MIPS 指令格式、`subi` 与立即数	MIPS 指令集有哪些指令格式？有没有 `subi` 指令？立即数有什么用？	test/2024-一字班推研面经-yj自行整理.zip	0.857	zip-interview	2024-一字班推研面经-yj自行整理.zip::面经-yj自行整理/markdown/推研面经2024.md	1.MIPS指令集有哪几种指令？（r型 i型 j型） 2.有没有subi指令？ 3.立即数有什么用？
电路/DL - 数字逻辑与处理器基础	电路/DL - 数字逻辑与处理器基础/QUESTIONS.md	Q32	处理器 I/O、中断与 DMA	在键盘上按下一个按键后，计算机中的整个过程是怎样的？	test/2017-面试经验-陈誉博.docx	0.913	regular	2017-面试经验-陈誉博.docx	你觉得能否修改系统的栈空间大小？你改过吗？ 我有点懵，说的是应该可以通过编译器的设置改变允许的栈大小，不过我自己没改过。 对于一个计算机，我在键盘上按下了一个按键，接下来计算机中的整个过程是怎样的？
电路/DL - 数字逻辑与处理器基础	电路/DL - 数字逻辑与处理器基础/QUESTIONS.md	Q32	处理器 I/O、中断与 DMA	什么是中断，由谁引发，怎样处理？中断和普通程序有什么区别？MIPS 与 x86 如何处理中断，中断向量中存储什么、条目多大？	test/2018_面试整体情况.docx	0.462	regular	2018_面试整体情况.docx	7、数图：如何检测边缘？ 8、冯诺依曼体系架构和哈佛体系架构的区别？ 9、什么是中断？中断是由谁引发的？MIPS和X86各自是如何进行中断处理的？MIPS中的中断向量表里存储的是什么？数据大小多少？
电路/DL - 数字逻辑与处理器基础	电路/DL - 数字逻辑与处理器基础/QUESTIONS.md	Q32	处理器 I/O、中断与 DMA	什么是中断，由谁引发，怎样处理？中断和普通程序有什么区别？MIPS 与 x86 如何处理中断，中断向量中存储什么、条目多大？	test/2020-七字班推研面经-闫雯荻.docx	0.282	regular	2020-七字班推研面经-闫雯荻.docx	4. 对于CPU而言，内设的速度相对较快，外设的速度相对较慢，如何加快外设的速度？ 5. DMA是什么？（如果数逻老师没讲可以直接说没了解过） 6. 中断是什么？如何处理的？中断和程序有什么区别？
电路/DL - 数字逻辑与处理器基础	电路/DL - 数字逻辑与处理器基础/QUESTIONS.md	Q32	处理器 I/O、中断与 DMA	CPU 与外设速度相差很大时怎样提高效率？轮询、中断和 DMA 分别是什么，有何区别？	test/2012-面经_九字班1.pdf	0.419	regular	2012-面经_九字班1.pdf	散列的特点，散列与其他相比的效率，如何提高 debug 和 release 有什么区别，哪个效率高 中断轮询和 DMA
电路/DL - 数字逻辑与处理器基础	电路/DL - 数字逻辑与处理器基础/QUESTIONS.md	Q32	处理器 I/O、中断与 DMA	CPU 与外设速度相差很大时怎样提高效率？轮询、中断和 DMA 分别是什么，有何区别？	test/2012-面经_九字班2.pdf	0.29	regular	2012-面经_九字班2.pdf	递归哪个效率高 散列的特点，散列与其他相比的效率，如何提高 debug 和release 有什么区别，哪个效率高
电路/DL - 数字逻辑与处理器基础	电路/DL - 数字逻辑与处理器基础/QUESTIONS.md	Q32	处理器 I/O、中断与 DMA	CPU 与外设速度相差很大时怎样提高效率？轮询、中断和 DMA 分别是什么，有何区别？	test/2020-七字班推研面经-闫雯荻.docx	0.29	regular	2020-七字班推研面经-闫雯荻.docx	4. 对于CPU而言，内设的速度相对较快，外设的速度相对较慢，如何加快外设的速度？ 5. DMA是什么？（如果数逻老师没讲可以直接说没了解过） 6. 中断是什么？如何处理的？中断和程序有什么区别？
电路/EC - 电子电路与系统基础	电路/EC - 电子电路与系统基础/QUESTIONS.md	Q01	Kirchhoff 定律与集总电路条件	KCL、KVL 的物理依据是什么？什么时候不能直接使用 Kirchhoff 定律？即使满足准静态条件，还有什么情形会破坏节点电流守恒？	test/2020-七字班推研面经-1.docx	0.186	regular	2020-七字班推研面经-1.docx	面试时间：2020年9月12日 11:20 面试老师：乔飞老师、彭良瑞老师、李懋坤老师、不认识老师、钟晓峰老师（第七组） 面试前情报：“先根据简历问了一些，然后问香农公式、谐振腔模式、电生磁磁生电、基尔霍夫定律之类的，其实也没问几个问题”，“信号问了方波通过低通信道后输出什么情况。电路：1.     基尔霍夫定律物理上怎么解释2.     什么时候基尔霍夫定律不成立3.     数字电路的能耗来源”
电路/EC - 电子电路与系统基础	电路/EC - 电子电路与系统基础/QUESTIONS.md	Q01	Kirchhoff 定律与集总电路条件	KCL、KVL 的物理依据是什么？什么时候不能直接使用 Kirchhoff 定律？即使满足准静态条件，还有什么情形会破坏节点电流守恒？	test/2024-一字班推研面经-zcy.docx	0.442	regular	2024-一字班推研面经-zcy.docx	我又忘了时序上它们什么区别了，于是就开始从结构上扯，我说触发器是由两个锁存器组成，一个主锁存器和一个从锁存器。然后这时候lxq老师又插了一句：触发器一定是这样的结构吗？我颤抖着说D触发器，然后又被问：D触发器一定是这样的结构吗？我又颤颤巍巍地说不一定，lxq老师笑了一下，就过了，然后开始模电。 孙楠老师问什么时候基尔霍夫定律不满足？ 我知道这个，glgg课件上说了，不满足准静态条件。但sn老师对这个答案不满意，问我如果满足准静态条件就满足吗？我说不一定，他就问什么时候不满足。
电路/EC - 电子电路与系统基础	电路/EC - 电子电路与系统基础/QUESTIONS.md	Q02	Thévenin 与 Norton 等效	什么是 Thévenin 等效？怎样求开路电压和等效电阻？它与 Norton 等效有什么关系？	test/2014-面经_二字班.pdf	0.417	regular	2014-面经_二字班.pdf	利一些，没有赶上一些很复杂的问题。 老师：戴维南源是什么。 我：相当于一个等效的单端口器件，其看入电阻等效为电压源内阻，端口电压为戴维
电路/EC - 电子电路与系统基础	电路/EC - 电子电路与系统基础/QUESTIONS.md	Q02	Thévenin 与 Norton 等效	什么是 Thévenin 等效？怎样求开路电压和等效电阻？它与 Norton 等效有什么关系？	test/2014-一字班推研那点事儿（2）-宗泽宇.pdf	0.292	regular	2014-一字班推研那点事儿（2）-宗泽宇.pdf	4、如果是电流源给RC串联电路充电 5、如果RC串联电路电阻增大，波形会有何变化 6、什么是时间常数。时间常数是怎么得出的
电路/EC - 电子电路与系统基础	电路/EC - 电子电路与系统基础/QUESTIONS.md	Q03	阻抗匹配与最大功率传输	什么是功率匹配？负载怎样取才能获得最大功率？最大功率传输时效率为什么只有 $50\%$，既然如此为什么还要匹配？天线与传输线的匹配和这个结论有什么区别？	test/2012-面经_九字班1.pdf	0.442	regular	2012-面经_九字班1.pdf	匹配滤波器的意义是什么？为什么能实现信噪比最小？ 10MHz 带宽的放大器，20MHz 正弦波输入，有无失真（我都不敢答） 各种传输线的模式
电路/EC - 电子电路与系统基础	电路/EC - 电子电路与系统基础/QUESTIONS.md	Q03	阻抗匹配与最大功率传输	什么是功率匹配？负载怎样取才能获得最大功率？最大功率传输时效率为什么只有 $50\%$，既然如此为什么还要匹配？天线与传输线的匹配和这个结论有什么区别？	test/2025-二字班推研面经-ljh.docx	0.327	regular	2025-二字班推研面经-ljh.docx	glgg：首先问了我是不是上的他的课，然后问了什么是最大平坦，我说对应的量导数为0，然后详细解释了二阶RLC低通的巴特沃斯滤波器和贝塞尔滤波器，glgg就问我如果要传递数字信号（方波）要用哪个，我认为是群延时最大平坦 不认识老师：解释一下理想运放的特性，什么是虚短，理想运放输入电阻，输出电阻和增益都是怎样的 不认识老师：解释一下阻抗匹配，我说目标是反射率为0，然后老师问天线传输匹配是严格匹配比较好还是有一定的偏差好，我凭直觉说有偏差，但我不知道为什么，他就问我天线匹配时功率传
电路/EC - 电子电路与系统基础	电路/EC - 电子电路与系统基础/QUESTIONS.md	Q04	RC 一阶电路的阶跃与恒流响应	阶跃电压加在 RC 串联电路上，电容电压是什么曲线？改用恒流源给串联 RC 充电会怎样？换成并联 RC 又怎样？电阻增大后波形如何变化，时间常数从何而来？	test/2014-一字班推研那点事儿（2）-宗泽宇.pdf	0.589	regular	2014-一字班推研那点事儿（2）-宗泽宇.pdf	1、阶跃电压信号加在RC串联电路上，电容上的波形是什么样的 2、恒流源加在RC串联电路上呢 3、换成RC并联电路情况又如何
电路/EC - 电子电路与系统基础	电路/EC - 电子电路与系统基础/QUESTIONS.md	Q04	RC 一阶电路的阶跃与恒流响应	阶跃电压加在 RC 串联电路上，电容电压是什么曲线？改用恒流源给串联 RC 充电会怎样？换成并联 RC 又怎样？电阻增大后波形如何变化，时间常数从何而来？	test/2025-二字班推研面经-ljh.docx	0.25	regular	2025-二字班推研面经-ljh.docx	不认识老师：解释一下理想运放的特性，什么是虚短，理想运放输入电阻，输出电阻和增益都是怎样的 不认识老师：解释一下阻抗匹配，我说目标是反射率为0，然后老师问天线传输匹配是严格匹配比较好还是有一定的偏差好，我凭直觉说有偏差，但我不知道为什么，他就问我天线匹配时功率传输效率是啥，我蒙了个50%应该对了，然后他问只有50%为啥要匹配，我说这个就是最大功率传输匹配，就结束了 不认识老师：一阶RC串联网络，输入阶跃信号，电容的电压曲线是什么？我说指数上升到电源电压，就到时间了
电路/EC - 电子电路与系统基础	电路/EC - 电子电路与系统基础/QUESTIONS.md	Q05	电容、介质与位移电流	电容是怎样产生的？	test/2021-八字班推研面经-涂晨昕.docx	0.714	regular	2021-八字班推研面经-涂晨昕.docx	李冬梅老师——李冬梅老师是全场最温柔，自我介绍的时候也一直在看我，虽然戴了口罩但是还是让人再紧张的环境下感到很亲切，可惜问的问题对我太不友好了，严重夹带私货233 电路的频率响应与信号频率有什么关系？——？？没搞清楚李老师想问我什么 电容是怎么产生的？ ——？？根据位移电流抽象出来的？
电路/EC - 电子电路与系统基础	电路/EC - 电子电路与系统基础/QUESTIONS.md	Q06	两电容并联时的能量去向	两个初始电压不同的电容并联后会发生什么？电荷守恒但为什么有能量减少？串入电阻后能量怎样耗散？理想导线中电磁辐射与电阻耗散谁占主导？	test/2025-二字班推研面经-wj.pdf	0.554	regular	2025-二字班推研面经-wj.pdf	不认识老师 1 ：两个初始电压不同的电容并联后，会发生什么？ 我：会产生冲激电流。 不认识老师 1 ：那会有能量损失吗？
电路/EC - 电子电路与系统基础	电路/EC - 电子电路与系统基础/QUESTIONS.md	Q07	耦合、旁路、去耦与 Miller 电容	耦合电容、旁路电容和跨接电容分别有什么作用？它们怎样影响放大器的低频与高频响应？	test/2012-面经_九字班1.pdf	0.559	regular	2012-面经_九字班1.pdf	放大器的输入电阻和输出电阻应该怎么取比较好（分情况讨论比如带电压负载/电流负 载）？ 跨接电容（Miller 电容）、耦合电容、旁路电容的作用
电路/EC - 电子电路与系统基础	电路/EC - 电子电路与系统基础/QUESTIONS.md	Q07	耦合、旁路、去耦与 Miller 电容	耦合电容、旁路电容和跨接电容分别有什么作用？它们怎样影响放大器的低频与高频响应？	test/2012-面经_九字班2.pdf	0.588	regular	2012-面经_九字班2.pdf	放大器的输入电阻和输出电阻应该怎么取比较好（分情况讨论比如带电压负载/电流负 载）？ 跨接电容（Miller 电容）、耦合电容、旁路电容的作用
电路/EC - 电子电路与系统基础	电路/EC - 电子电路与系统基础/QUESTIONS.md	Q07	耦合、旁路、去耦与 Miller 电容	耦合电容、旁路电容和跨接电容分别有什么作用？它们怎样影响放大器的低频与高频响应？	test/2013-推研那点儿事（上）-魏特.pdf	0.412	regular	2013-推研那点儿事（上）-魏特.pdf	国林GG：这几个电容会对电路的频率特性产生什么影响？ 我：旁路电容和耦合电容会对电路的低频特性产生影响……（嘿嘿，既然我会那就多说点吧）……与之相对的是 密勒电容，密勒电容会影响电路的高频特性，因为根据密勒定理它会等效为并联在输入和输出端的两个电容。
电路/EC - 电子电路与系统基础	电路/EC - 电子电路与系统基础/QUESTIONS.md	Q07	耦合、旁路、去耦与 Miller 电容	耦合电容、旁路电容和跨接电容分别有什么作用？它们怎样影响放大器的低频与高频响应？	test/2018_面试整体情况.docx	0.5	regular	2018_面试整体情况.docx	10、如何提高放大器工作的稳定性？负反馈的优缺点分别是什么？ 11、旁路电容、耦合电容的功能是什么？ 12、（拿一张电路图出来）分析电路的基本功能（一般就是简单的低通、高通、带通、带阻电路）
电路/EC - 电子电路与系统基础	电路/EC - 电子电路与系统基础/QUESTIONS.md	Q08	延时线与传播延迟	什么是延时线？怎样用电路元件建模？如何降低延时？	test/2022-九字班九字班推研面经-2.docx	0.737	regular	2022-九字班九字班推研面经-2.docx	首先电磁场：简述一下Maxwell方程和其意义？  Maxwell方程能够推出本构关系吗？ (本构关系要么没讲要么忘了 只能乱说了) 忘记了一个问题，等着补 其次通信：讲一下FM,FSK,OFDM的方法？噪声可以消除吗？可以抑制吗？如何抑制？降噪耳机是什么原理？最大似然和最大后验的区别？ 其次电路：知道延时线吗？如何用电路元件建模？如何降低延时  (刚开始以为是传输线，被批了) 简述一下CMOS的原理？两个CMOS的输出端可以连起来吗，为什么？什么元件的输出端可以连起来？
电路/EC - 电子电路与系统基础	电路/EC - 电子电路与系统基础/QUESTIONS.md	Q09	一阶 RC、RL 高通与低通	怎样用 RC 或 RL 搭最简单的高通、低通电路？电容和电感在高、低频分别近似成什么？	test/2012-留下面经，造福众生-孟越.pdf	0.375	regular	2012-留下面经，造福众生-孟越.pdf	不认识的老师问给一20MHz的正弦波，怎么得到10MHz占空比是50%的方波。在老师的启发下我答出先整形 ，再分频，老师又问分频电路怎么搭，我又不会了。然后就过了，下一位李国林老师问怎么搭一最简单的高通 滤波器，我画了一个RC滤波器，老师说那把电容换成电感呢？我又画了一个，分别解释了为什么，就算是过了
电路/EC - 电子电路与系统基础	电路/EC - 电子电路与系统基础/QUESTIONS.md	Q09	一阶 RC、RL 高通与低通	怎样用 RC 或 RL 搭最简单的高通、低通电路？电容和电感在高、低频分别近似成什么？	test/2018_面试整体情况.docx	0.312	regular	2018_面试整体情况.docx	10、如何提高放大器工作的稳定性？负反馈的优缺点分别是什么？ 11、旁路电容、耦合电容的功能是什么？ 12、（拿一张电路图出来）分析电路的基本功能（一般就是简单的低通、高通、带通、带阻电路）
电路/EC - 电子电路与系统基础	电路/EC - 电子电路与系统基础/QUESTIONS.md	Q10	截止频率、单频衰减与波形失真	放大器或滤波器的截止频率是什么、由什么造成？上限截止频率为 $1\,\mathrm{MHz}$ 时，输入 $2\,\mathrm{MHz}$ 或 $6\,\mathrm{MHz}$ 单频正弦是否失真？输入带宽为 $2\,\mathrm{MHz}$ 或 $6\,\mathrm{MHz}$ 的信号又怎样？怎样测量上、下截止频率？	test/2012-面经_九字班1.pdf	0.549	regular	2012-面经_九字班1.pdf	李冬梅老师：放大器的截止频率是什么？它是由什么造成的？如果放大器的上限频率是 1MHz, 那么如果输入一个 2MHz 的正弦波，输出的波形是什么样的，波形会失真么？如 果输入一个带宽为 2MHz 的信号，里面含有各种频率分量，那么输出的波形会失真么？
电路/EC - 电子电路与系统基础	电路/EC - 电子电路与系统基础/QUESTIONS.md	Q10	截止频率、单频衰减与波形失真	放大器或滤波器的截止频率是什么、由什么造成？上限截止频率为 $1\,\mathrm{MHz}$ 时，输入 $2\,\mathrm{MHz}$ 或 $6\,\mathrm{MHz}$ 单频正弦是否失真？输入带宽为 $2\,\mathrm{MHz}$ 或 $6\,\mathrm{MHz}$ 的信号又怎样？怎样测量上、下截止频率？	test/2012-面经_九字班2.pdf	0.51	regular	2012-面经_九字班2.pdf	李冬梅老师：放大器的截止频率是什么？它是由什么造成的？如果放大器的上限频率是 1MHz, 那么如果输入一个2MHz 的正弦波，输出的波形是什么样的，波形会失真么？如果输 入一个带宽为 2MHz 的信号，里面含有各种频率分量，那么输出的波形会失真么？
电路/EC - 电子电路与系统基础	电路/EC - 电子电路与系统基础/QUESTIONS.md	Q10	截止频率、单频衰减与波形失真	放大器或滤波器的截止频率是什么、由什么造成？上限截止频率为 $1\,\mathrm{MHz}$ 时，输入 $2\,\mathrm{MHz}$ 或 $6\,\mathrm{MHz}$ 单频正弦是否失真？输入带宽为 $2\,\mathrm{MHz}$ 或 $6\,\mathrm{MHz}$ 的信号又怎样？怎样测量上、下截止频率？	test/2021-八字班推研面经-涂晨昕.docx	0.373	regular	2021-八字班推研面经-涂晨昕.docx	电路的频率响应与信号频率有什么关系？——？？没搞清楚李老师想问我什么 电容是怎么产生的？ ——？？根据位移电流抽象出来的？ 给一个上限截止频率为1MHz的滤波器，输入一个6MHz的单频波是否会发生失真？如果是带宽为6MHz的信号呢？
电路/EC - 电子电路与系统基础	电路/EC - 电子电路与系统基础/QUESTIONS.md	Q11	最大平坦、Bessel 与数字方波传输	什么是最大平坦？二阶 RLC 低通的 Butterworth 与 Bessel 响应有什么区别？传递数字方波时应该选哪一种？	test/2025-二字班推研面经-ljh.docx	0.471	regular	2025-二字班推研面经-ljh.docx	glgg：首先问了我是不是上的他的课，然后问了什么是最大平坦，我说对应的量导数为0，然后详细解释了二阶RLC低通的巴特沃斯滤波器和贝塞尔滤波器，glgg就问我如果要传递数字信号（方波）要用哪个，我认为是群延时最大平坦 不认识老师：解释一下理想运放的特性，什么是虚短，理想运放输入电阻，输出电阻和增益都是怎样的 不认识老师：解释一下阻抗匹配，我说目标是反射率为0，然后老师问天线传输匹配是严格匹配比较好还是有一定的偏差好，我凭直觉说有偏差，但我不知道为什么，他就问我天线匹配时功率传
电路/EC - 电子电路与系统基础	电路/EC - 电子电路与系统基础/QUESTIONS.md	Q12	PN 结、单向导通与 Schottky 结	PN 结怎样形成？为什么平衡时 Fermi 能级相等？它为什么具有单向导通特性？正、反向偏置时耗尽层和载流子运动怎样变化？	test/2012-面经_九字班1.pdf	0.25	regular	2012-面经_九字班1.pdf	矩形波导为了传输 TE20 怎么抑制 TE10 圆波导，一个线极化的波怎么能弄成圆极化的？ 参数完全相同的 NPN 和 PNP 的管子，哪个导通更快，为什么
电路/EC - 电子电路与系统基础	电路/EC - 电子电路与系统基础/QUESTIONS.md	Q12	PN 结、单向导通与 Schottky 结	PN 结怎样形成？为什么平衡时 Fermi 能级相等？它为什么具有单向导通特性？正、反向偏置时耗尽层和载流子运动怎样变化？	test/2018_面试整体情况.docx	0.205	regular	2018_面试整体情况.docx	2、什么是费米能级？ 3、给你两块物体，如何判别哪一块是金属，哪一块是半导体？（我回答了肖特基结的特性判别）形成肖特基结的条件是什么？ 4、说明PN结形成、导通的过程和原理？为什么费米能级要相等？
电路/EC - 电子电路与系统基础	电路/EC - 电子电路与系统基础/QUESTIONS.md	Q12	PN 结、单向导通与 Schottky 结	PN 结怎样形成？为什么平衡时 Fermi 能级相等？它为什么具有单向导通特性？正、反向偏置时耗尽层和载流子运动怎样变化？	test/2020-七字班推研面经-2.docx	0.136	regular	2020-七字班推研面经-2.docx	计算机：debug和release差别，debug没报错release报错的原因，函数参数的读取顺序，栈的应用，递归和栈的关系； 信号与系统：卷积概念，各种函数的傅里叶变换、卷积 电磁场与物理：平面波与球面波的区别，电子波函数，PN结的形成，PN结中载流子的迁移、扩散概念等。
电路/EC - 电子电路与系统基础	电路/EC - 电子电路与系统基础/QUESTIONS.md	Q12	PN 结、单向导通与 Schottky 结	PN 结怎样形成？为什么平衡时 Fermi 能级相等？它为什么具有单向导通特性？正、反向偏置时耗尽层和载流子运动怎样变化？	test/2025-二字班推研面经-ljh.docx	0.477	regular	2025-二字班推研面经-ljh.docx	不认识老师3:先问了波导中存在稳定的模式条件是什么？我说要满足对应模式的截止条件，但老师说不本质，出来才想起来可能要回答边界条件，然后就问了什么波导能传输TEM模，矩形波导的基模是什么，描述一下基模 不认识老师4:让我解释PN结为什么具有单向导通特性，我回答的时候语言不太规范，我还把耗尽层说成反形层了，好在最后反向电场的形成和反向电压作用下耗尽层加宽说出来了 马骋老师：对一个粒子在电磁场中做闭合曲线运动，怎么分析电场对他做的功？我先说了静电场不做功，然后老师问我非静电场怎么办
电路/EC - 电子电路与系统基础	电路/EC - 电子电路与系统基础/QUESTIONS.md	Q12	PN 结、单向导通与 Schottky 结	Schottky 结的工作机理是什么？它与 PN 结有什么区别？	test/2012-面经_九字班1.pdf	0.765	regular	2012-面经_九字班1.pdf	苹果公司的 logo 是怎么来的 把一个物体从手中向任意方向抛出，其运动轨迹是什么曲线（椭圆） 肖特基的工作机理
电路/EC - 电子电路与系统基础	电路/EC - 电子电路与系统基础/QUESTIONS.md	Q12	PN 结、单向导通与 Schottky 结	Schottky 结的工作机理是什么？它与 PN 结有什么区别？	test/2018_面试整体情况.docx	0.588	regular	2018_面试整体情况.docx	4、C++：类模板有什么作用？编译时发生了什么？ 5、函数模板和函数有什么区别？ 6、虚函数是什么？有什么作用？纯虚函数呢？纯虚函数形成的类叫什么？它有什么特殊的性质？（抽象类，不能实例化）抽象类可以定义指针吗？
电路/EC - 电子电路与系统基础	电路/EC - 电子电路与系统基础/QUESTIONS.md	Q13	BJT、MOSFET 与端口结构	BJT 和 MOSFET 的全称、端口与控制方式分别是什么？它们各有什么优缺点？为什么 NMOS 通常比 PMOS 快？	test/2012-面经_九字班2.pdf	0.394	regular	2012-面经_九字班2.pdf	三角波的产生 参数完全相同的 NPN 和PNP 的管子，哪个导通更快，为什么 负反馈电路的分类及优缺点，缺点的解决方法？
电路/EC - 电子电路与系统基础	电路/EC - 电子电路与系统基础/QUESTIONS.md	Q13	BJT、MOSFET 与端口结构	BJT 和 MOSFET 的全称、端口与控制方式分别是什么？它们各有什么优缺点？为什么 NMOS 通常比 PMOS 快？	test/2018_面试整体情况.docx	0.515	regular	2018_面试整体情况.docx	8、（拿了两个长得像接在频谱仪的插口）这个是什么端口？这两个端口一大一小，它们的区别是什么？ 9、什么是摩尔定律？ 10、如何提高放大器工作的稳定性？负反馈的优缺点分别是什么？
电路/EC - 电子电路与系统基础	电路/EC - 电子电路与系统基础/QUESTIONS.md	Q13	BJT、MOSFET 与端口结构	BJT 和 MOSFET 的全称、端口与控制方式分别是什么？它们各有什么优缺点？为什么 NMOS 通常比 PMOS 快？	test/2019-推研面经-4.docx	0.273	regular	2019-推研面经-4.docx	信号组出来后，就开始了电路组的面试，当然我也是抱着电路自己什么也不会的心态。张沕琳老师很友好，首先问我BJT和MOSFET的各个端口的意思，跨导增益，如何增大跨导增益……接着问我NPN-BJT的两个N可不可以互换，MOS的两个N可不可以互换，一个MOS有几个PN结。接着徐淑正老师开始问我混频电路，虽然我上过通信电路实验，还做了混频这个模块，然而我真的是什么都不懂，徐老师人真的太好了，一点点从发射机到接收机引导我去回答，虽然我最终还是不知道混频电路哈哈。 计算机组 周盛老师首先
电路/EC - 电子电路与系统基础	电路/EC - 电子电路与系统基础/QUESTIONS.md	Q13	BJT、MOSFET 与端口结构	MOSFET 的源、漏能否互换？NPN BJT 的发射区和集电区能否互换？一个 MOSFET 结构中有哪些 PN 结？	test/2018_面试整体情况.docx	0.222	regular	2018_面试整体情况.docx	4、高斯随机变量的卷积是什么？ 5、通信系统的组成模块分别是什么？（信源编码、信道编码、基带调制、载波调制等等）其功能都是什么？ 6、你学过的所有和高斯有关的东西有哪些？（高斯消元、高斯分布、高斯随机过程、高斯信道）
电路/EC - 电子电路与系统基础	电路/EC - 电子电路与系统基础/QUESTIONS.md	Q13	BJT、MOSFET 与端口结构	MOSFET 的源、漏能否互换？NPN BJT 的发射区和集电区能否互换？一个 MOSFET 结构中有哪些 PN 结？	test/2019-推研面经-4.docx	0.444	regular	2019-推研面经-4.docx	信号组出来后，就开始了电路组的面试，当然我也是抱着电路自己什么也不会的心态。张沕琳老师很友好，首先问我BJT和MOSFET的各个端口的意思，跨导增益，如何增大跨导增益……接着问我NPN-BJT的两个N可不可以互换，MOS的两个N可不可以互换，一个MOS有几个PN结。接着徐淑正老师开始问我混频电路，虽然我上过通信电路实验，还做了混频这个模块，然而我真的是什么都不懂，徐老师人真的太好了，一点点从发射机到接收机引导我去回答，虽然我最终还是不知道混频电路哈哈。 计算机组 周盛老师首先
电路/EC - 电子电路与系统基础	电路/EC - 电子电路与系统基础/QUESTIONS.md	Q14	BJT 伏安特性、工作区与饱和电流	画出三极管的输入、输出特性曲线，并说明各工作区的条件与用途。	test/2012-面经_九字班1.pdf	0.654	regular	2012-面经_九字班1.pdf	一幅频特性，多少个极点才能稳定？ 截至频率 5k,一 6k 小信号会不会失真？大信号呢? 三极管的输入曲线，输出曲线，各个区的特点
电路/EC - 电子电路与系统基础	电路/EC - 电子电路与系统基础/QUESTIONS.md	Q14	BJT 伏安特性、工作区与饱和电流	画出三极管的输入、输出特性曲线，并说明各工作区的条件与用途。	test/2012-面经_九字班2.pdf	0.577	regular	2012-面经_九字班2.pdf	MOS 管和双节型管的优缺点是什么？ 截至频率 5k,一 6k 小信号会不会失真？大信号呢? 三极管的输入曲线，输出曲线，各个区的特点
电路/EC - 电子电路与系统基础	电路/EC - 电子电路与系统基础/QUESTIONS.md	Q14	BJT 伏安特性、工作区与饱和电流	BJT 的饱和电流大小怎样影响跨导、转换速度和功耗？	test/2018_面试整体情况.docx	0.45	regular	2018_面试整体情况.docx	1、MOS管的阈值电压Vth对于其特性有什么影响？若把Vth由0.7V修改至0.2V或-2V，CMOS管还可以作为反相器吗？ 2、BJT的饱和电流大小对于其摆率、功耗有什么影响？ 3、MOSFET和BJT的英文全称是？
电路/EC - 电子电路与系统基础	电路/EC - 电子电路与系统基础/QUESTIONS.md	Q15	MOS 导电机理、阈值电压与反相器摆率	MOS 结构怎样导电？阈值电压怎样影响器件特性？若把 $V_{th}$ 从 $0.7\,\mathrm{V}$ 改为 $0.2\,\mathrm{V}$ 或 $-2\,\mathrm{V}$，互补 CMOS 还能否作为正常反相器？	test/2014-一字班推研那点事儿（2）-宗泽宇.pdf	0.167	regular	2014-一字班推研那点事儿（2）-宗泽宇.pdf	点一点讲，孙长征老师直点头。。。然后冯雪老师说来我问你个简单的问题吧，就是问题6，我当时感觉。。 。MOS和PN结根本没联系，你去问宗泽宇和罗姆楼某根柱子的区别，让人怎么回答啊。。。其实现在想来当 时完全可以分别说二者的结构导电机理什么的，反正它们就是这样的，区别你自己挑呗，用不着一上来就说的
电路/EC - 电子电路与系统基础	电路/EC - 电子电路与系统基础/QUESTIONS.md	Q15	MOS 导电机理、阈值电压与反相器摆率	MOS 结构怎样导电？阈值电压怎样影响器件特性？若把 $V_{th}$ 从 $0.7\,\mathrm{V}$ 改为 $0.2\,\mathrm{V}$ 或 $-2\,\mathrm{V}$，互补 CMOS 还能否作为正常反相器？	test/2018_面试整体情况.docx	0.306	regular	2018_面试整体情况.docx	（三）、各组面试题目 一、电路组 1、MOS管的阈值电压Vth对于其特性有什么影响？若把Vth由0.7V修改至0.2V或-2V，CMOS管还可以作为反相器吗？
电路/EC - 电子电路与系统基础	电路/EC - 电子电路与系统基础/QUESTIONS.md	Q15	MOS 导电机理、阈值电压与反相器摆率	什么因素限制 CMOS 反相器的转换速度？怎样提高摆率？	test/2018_面试整体情况.docx	0.4	regular	2018_面试整体情况.docx	2、BJT的饱和电流大小对于其摆率、功耗有什么影响？ 3、MOSFET和BJT的英文全称是？ 4、什么因素影响反相器的摆率？如何提高反相器的摆率？
电路/EC - 电子电路与系统基础	电路/EC - 电子电路与系统基础/QUESTIONS.md	Q16	沟道长度调制与 CMOS 反相器放大	MOSFET 沟道长度调制的物理意义是什么？它怎样体现在小信号模型中？	test/2024-一字班推研面经_高希钢.docx	0.654	regular	2024-一字班推研面经_高希钢.docx	比如我降低电压，可能会改变晶体管的直流工作点，让原本设计的放大倍数发生变化，这个时候实现的功能就可能会出错（老师若有所思了一会然后点了点头） 不认识老师2：知道沟道调制效应吗？它的物理意义是什么呀？ 沟道调制也叫厄尔利效应，在小信号等效里面相当于是还要在等效出来的电流源上串联一个电阻
电路/EC - 电子电路与系统基础	电路/EC - 电子电路与系统基础/QUESTIONS.md	Q16	沟道长度调制与 CMOS 反相器放大	CMOS 由什么组成？怎样把一个 CMOS 反相器用作放大器？	test/2024-一字班推研面经-吴凌沨.pdf	0.278	regular	2024-一字班推研面经-吴凌沨.pdf	结构，有哪些⽅法？（XRD 等）为什么⽤ XRD 测量镜头结构呢？假如有两个材料，⼀个是 Si、⼀个是 Ge，怎么区分呢？ 4. 怎么⽤⼀个 CMOS 反相器做⼀个放⼤器？
电路/EC - 电子电路与系统基础	电路/EC - 电子电路与系统基础/QUESTIONS.md	Q16	沟道长度调制与 CMOS 反相器放大	CMOS 由什么组成？怎样把一个 CMOS 反相器用作放大器？	test/2024-一字班推研面经-zcy.docx	0.667	regular	2024-一字班推研面经-zcy.docx	知道CMOS吧，CMOS是由什么组成的？ CMOS可以作放大器吗？ 48问是由一个NMOS和PMOS组成，我也不知道CMOS能不能作放大器，我想了想，不知道输入低电平，输出高电平算不算放大，就说不能做，因为没有负反馈电阻，但估计答错了。
电路/EC - 电子电路与系统基础	电路/EC - 电子电路与系统基础/QUESTIONS.md	Q17	CMOS 逻辑、功耗、输出共线与电压缩放	CMOS 有什么特点？怎样用 MOS 管实现二输入 NAND？CMOS 功耗来自哪里？	test/2012-面经_九字班2.pdf	0.409	regular	2012-面经_九字班2.pdf	截至频率 5k,一 6k 小信号会不会失真？大信号呢? 三极管的输入曲线，输出曲线，各个区的特点 CMOS 是什么？有什么特点？
电路/EC - 电子电路与系统基础	电路/EC - 电子电路与系统基础/QUESTIONS.md	Q17	CMOS 逻辑、功耗、输出共线与电压缩放	CMOS 有什么特点？怎样用 MOS 管实现二输入 NAND？CMOS 功耗来自哪里？	test/2014-面经_二字班.pdf	0.318	regular	2014-面经_二字班.pdf	的充放电。解决动态功耗的主要方法包括降低其偏置电压，而这却会恶化延时，另外就是 可以通过更好的电路编码设计减少其翻转频率等。 老师：还有什么其他原因导致动态功耗吗。
电路/EC - 电子电路与系统基础	电路/EC - 电子电路与系统基础/QUESTIONS.md	Q17	CMOS 逻辑、功耗、输出共线与电压缩放	CMOS 有什么特点？怎样用 MOS 管实现二输入 NAND？CMOS 功耗来自哪里？	test/2020-七字班推研面经-1.docx	0.136	regular	2020-七字班推研面经-1.docx	面试时间：2020年9月12日 11:20 面试老师：乔飞老师、彭良瑞老师、李懋坤老师、不认识老师、钟晓峰老师（第七组） 面试前情报：“先根据简历问了一些，然后问香农公式、谐振腔模式、电生磁磁生电、基尔霍夫定律之类的，其实也没问几个问题”，“信号问了方波通过低通信道后输出什么情况。电路：1.     基尔霍夫定律物理上怎么解释2.     什么时候基尔霍夫定律不成立3.     数字电路的能耗来源”
电路/EC - 电子电路与系统基础	电路/EC - 电子电路与系统基础/QUESTIONS.md	Q17	CMOS 逻辑、功耗、输出共线与电压缩放	两个普通 CMOS 门的输出能否直接相连？为什么？哪些输出结构可以共线？	test/2020-七字班推研面经-潘美竹.docx	0.308	regular	2020-七字班推研面经-潘美竹.docx	为什么要进行低信噪比近似？ 一个中心频点42MHz，带宽2Hz的信号，以62MHz抽样，最低在哪里有信号？ 抽样频率可以无限制上升吗？
电路/EC - 电子电路与系统基础	电路/EC - 电子电路与系统基础/QUESTIONS.md	Q17	CMOS 逻辑、功耗、输出共线与电压缩放	两个普通 CMOS 门的输出能否直接相连？为什么？哪些输出结构可以共线？	test/2022-九字班九字班推研面经-2.docx	0.308	regular	2022-九字班九字班推研面经-2.docx	其次电路：知道延时线吗？如何用电路元件建模？如何降低延时  (刚开始以为是传输线，被批了) 简述一下CMOS的原理？两个CMOS的输出端可以连起来吗，为什么？什么元件的输出端可以连起来？ 其次固物：一个原子有能隙和能级吗？简述一下金属和半导体的区别？费米能级是什么？温度升高的时候两者电阻怎么变化？为什么？ 最后好像是主考官问的：讲讲你的SRT项目？这玩意正中下怀，我直接讲了接近3min，讲到面试结束为止hhh
电路/EC - 电子电路与系统基础	电路/EC - 电子电路与系统基础/QUESTIONS.md	Q17	CMOS 逻辑、功耗、输出共线与电压缩放	提高或降低 CMOS 供电电压怎样影响延时、功耗与可靠性？	test/2024-一字班推研面经-yj自行整理.zip	0.286	zip-interview	2024-一字班推研面经-yj自行整理.zip::面经-yj自行整理/markdown/推研面经2024.md	1.什么是触发器的建立时间，什么是保持时间？ 2.建立时间能不能是负的？保持时间能不能是负的？它们两个能不能同时是负的？（这个lxq上课还真讲过，但我忘了.........) 3.一个CMOS反相器，提高他的供电电压，反相器的延时是增大还是减小？
电路/EC - 电子电路与系统基础	电路/EC - 电子电路与系统基础/QUESTIONS.md	Q17	CMOS 逻辑、功耗、输出共线与电压缩放	提高或降低 CMOS 供电电压怎样影响延时、功耗与可靠性？	test/2024-一字班推研面经-高思研.pdf	0.19	regular	2024-一字班推研面经-高思研.pdf	进去之前听说狂问数电，但是我进去的时候数电模电都有问。问题其实记得没那么清楚了，印象中问了 延时的相关问题、 cache 的结构、三态门高阻态。我回答延迟的时候提到了  提高  VDD 降低延时，然后模 电的老师问了为什么（ 1V 的  VDD 电压到  0.8V 可以导通， 2V 的  VDD 电压到  1.6V 可以导通，那延时会
电路/EC - 电子电路与系统基础	电路/EC - 电子电路与系统基础/QUESTIONS.md	Q17	CMOS 逻辑、功耗、输出共线与电压缩放	提高或降低 CMOS 供电电压怎样影响延时、功耗与可靠性？	test/2024-一字班推研面经_高希钢.docx	0.333	regular	2024-一字班推研面经_高希钢.docx	不认识老师1：一个数字电路，如果降低它的工作电压，有什么好处和坏处？ 首先是功耗会降低，而且由于是数字电路，只要电压在阈值之上，电路功能就可以正常实现 不认识老师1：那速度会受影响吗？
电路/EC - 电子电路与系统基础	电路/EC - 电子电路与系统基础/QUESTIONS.md	Q18	线性化与负反馈	怎样让一个非线性器件近似线性？负反馈能否实现线性化？举出具体电路并判断反馈类型。	test/2013-面试经历小结-黄博.pdf	0.364	regular	2013-面试经历小结-黄博.pdf	信号组旁边就是线路组，里面有李国林老师，罗嵘老师，苏厉老师其他几位不认识。国林哥哥先问：如果有一 个非线性器件，怎么让它变成线性的？我先说如果是小信号就可以看成线性的（说到这里有老师点头，于是我 信心就上来了），然后说如果是大信号就可以用一个具有互补特性的电路来补偿。有老师问：负反馈行吗？我
电路/EC - 电子电路与系统基础	电路/EC - 电子电路与系统基础/QUESTIONS.md	Q18	线性化与负反馈	负反馈怎样影响增益稳定性、失真、带宽和输入输出电阻？	test/2018_面试整体情况.docx	0.273	regular	2018_面试整体情况.docx	8、（拿了两个长得像接在频谱仪的插口）这个是什么端口？这两个端口一大一小，它们的区别是什么？ 9、什么是摩尔定律？ 10、如何提高放大器工作的稳定性？负反馈的优缺点分别是什么？
电路/EC - 电子电路与系统基础	电路/EC - 电子电路与系统基础/QUESTIONS.md	Q19	放大器类型与端口电阻	放大器的输入电阻和输出电阻应怎样选择？电压负载与电流负载时有什么区别？电压、电流、跨导和跨阻放大器如何从端口变量分类？	test/2012-面经_九字班1.pdf	0.617	regular	2012-面经_九字班1.pdf	果输入一个带宽为 2MHz 的信号，里面含有各种频率分量，那么输出的波形会失真么？ 稳定直流工作点有什么好处？如何做？ 放大器的输入电阻和输出电阻应该怎么取比较好（分情况讨论比如带电压负载/电流负
电路/EC - 电子电路与系统基础	电路/EC - 电子电路与系统基础/QUESTIONS.md	Q19	放大器类型与端口电阻	放大器的输入电阻和输出电阻应怎样选择？电压负载与电流负载时有什么区别？电压、电流、跨导和跨阻放大器如何从端口变量分类？	test/2012-面经_九字班2.pdf	0.553	regular	2012-面经_九字班2.pdf	入一个带宽为 2MHz 的信号，里面含有各种频率分量，那么输出的波形会失真么？ 稳定直流工作点有什么好处？如何做？ 放大器的输入电阻和输出电阻应该怎么取比较好（分情况讨论比如带电压负载/电流负
电路/EC - 电子电路与系统基础	电路/EC - 电子电路与系统基础/QUESTIONS.md	Q20	静态工作点与偏置稳定	什么是静态工作点？为什么放大器要设置并稳定直流工作点？怎样实现稳定？	test/2012-面经_九字班1.pdf	0.5	regular	2012-面经_九字班1.pdf	果输入一个带宽为 2MHz 的信号，里面含有各种频率分量，那么输出的波形会失真么？ 稳定直流工作点有什么好处？如何做？ 放大器的输入电阻和输出电阻应该怎么取比较好（分情况讨论比如带电压负载/电流负
电路/EC - 电子电路与系统基础	电路/EC - 电子电路与系统基础/QUESTIONS.md	Q20	静态工作点与偏置稳定	什么是静态工作点？为什么放大器要设置并稳定直流工作点？怎样实现稳定？	test/2012-面经_九字班2.pdf	0.5	regular	2012-面经_九字班2.pdf	入一个带宽为 2MHz 的信号，里面含有各种频率分量，那么输出的波形会失真么？ 稳定直流工作点有什么好处？如何做？ 放大器的输入电阻和输出电阻应该怎么取比较好（分情况讨论比如带电压负载/电流负
电路/EC - 电子电路与系统基础	电路/EC - 电子电路与系统基础/QUESTIONS.md	Q20	静态工作点与偏置稳定	什么是静态工作点？为什么放大器要设置并稳定直流工作点？怎样实现稳定？	test/2024-一字班推研面经-zcy.docx	0.269	regular	2024-一字班推研面经-zcy.docx	什么是中心极限定理？ 什么是宽平稳和严平稳？ 知道升余弦滤波器吧？升余弦滤波器可以实现吗？为什么？
电路/EC - 电子电路与系统基础	电路/EC - 电子电路与系统基础/QUESTIONS.md	Q21	电流源、多级增益与带宽	电流源电路有什么特性？多级放大电路的增益和带宽相对单级怎样变化？	test/2021-八字班推研面经-贾文彬.docx	0.786	regular	2021-八字班推研面经-贾文彬.docx	完了我发现我电路组前面的几个问题都想不起来了，可能是因为dmjj太温柔了555 电流源电路有什么特性？（李冬梅老师温柔地引导我最终说出了输出电阻非常大） 多级放大电路的增益和带宽相比单管放大电路会发生什么变化？
电路/EC - 电子电路与系统基础	电路/EC - 电子电路与系统基础/QUESTIONS.md	Q21	电流源、多级增益与带宽	怎样增大放大器增益？若只有一级放大器，可以怎样提高增益？	test/2025-二字班推研面经-wj.pdf	0.55	regular	2025-二字班推研面经-wj.pdf	我：可以采用多级放大器级联的方法。 李国林：如果只有一级放大器呢？ 我：（这时候我真有点慌了，思索一会后想到群友预制的回答于是说）可以增大输出级晶体管的宽长比。
电路/EC - 电子电路与系统基础	电路/EC - 电子电路与系统基础/QUESTIONS.md	Q22	理想运算放大器、虚短与虚断	理想运算放大器有哪些特性？什么是虚短和虚断？理想输入电阻、输出电阻和开环增益分别怎样？这些近似在什么条件下成立？	test/2024-一字班推研面经-zcy.docx	0.447	regular	2024-一字班推研面经-zcy.docx	接下来是蒋琛老师大好人的两个问题，很基础，几乎秒答就过了： 积分器怎么搭？ 什么是虚短和虚断？
电路/EC - 电子电路与系统基础	电路/EC - 电子电路与系统基础/QUESTIONS.md	Q22	理想运算放大器、虚短与虚断	理想运算放大器有哪些特性？什么是虚短和虚断？理想输入电阻、输出电阻和开环增益分别怎样？这些近似在什么条件下成立？	test/2025-二字班推研面经-ljh.docx	0.426	regular	2025-二字班推研面经-ljh.docx	5.电路组 glgg：首先问了我是不是上的他的课，然后问了什么是最大平坦，我说对应的量导数为0，然后详细解释了二阶RLC低通的巴特沃斯滤波器和贝塞尔滤波器，glgg就问我如果要传递数字信号（方波）要用哪个，我认为是群延时最大平坦 不认识老师：解释一下理想运放的特性，什么是虚短，理想运放输入电阻，输出电阻和增益都是怎样的
电路/EC - 电子电路与系统基础	电路/EC - 电子电路与系统基础/QUESTIONS.md	Q23	积分器、比较器与三角波	怎样用运放搭积分器？积分器与比较器哪个工作在线性区？怎样由方波产生三角波？	test/2009-推研资料.docx	0.267	regular	2009-推研资料.docx	5）电路 包括：模电、数电、通电之类的课 具体说，我抽到的是一个“混频器应用”，一个”加法器实现减法“，一个”三角波的产生“，都比较容易。
电路/EC - 电子电路与系统基础	电路/EC - 电子电路与系统基础/QUESTIONS.md	Q23	积分器、比较器与三角波	怎样用运放搭积分器？积分器与比较器哪个工作在线性区？怎样由方波产生三角波？	test/2012-留下面经，造福众生-孟越.pdf	0.467	regular	2012-留下面经，造福众生-孟越.pdf	。然后一个不认识的老师问怎么在纯数字域搭一个振荡器，我就不会了，出来之后发现好像就是一串反相器搭 成一个环路吧……最后李冬梅老师问运放搭的积分器和比较器那个在线性工作区，我说积分器，老师问那怎么 从电路形式上判断是不是工作在线性区，我表示茫然，老师启发说运放的增益都很大啊，我突然想起来了是负
电路/EC - 电子电路与系统基础	电路/EC - 电子电路与系统基础/QUESTIONS.md	Q23	积分器、比较器与三角波	怎样用运放搭积分器？积分器与比较器哪个工作在线性区？怎样由方波产生三角波？	test/2024-一字班推研面经-zcy.docx	0.133	regular	2024-一字班推研面经-zcy.docx	信号与通信组 我的信号组也可以说是比较正常，听说有同学上来被lym、wj、yz的DSP三人组问有没有学过DSP，还有同学上来被问什么是5G之花...我的问题主要有如下几个： 什么是线性时不变系统？
电路/EC - 电子电路与系统基础	电路/EC - 电子电路与系统基础/QUESTIONS.md	Q24	功率放大器类别与 C 类导通角	A、B、AB、C 类放大器怎样按导通角区分？C 类放大器的导通角为什么小于 $180^\circ$，减小导通角为何能提高效率、又不能无限减小？	test/2013-趁没忘记题目-谷梦媛.pdf	0.333	regular	2013-趁没忘记题目-谷梦媛.pdf	电路 1 说说放大器吧（我说了ABCDEF类，然后扯了一会，问题会像你回答的那个方向偏移） 2 C类放大器导通角怎么个情况？为啥减小导通角又不能太小？为啥功耗低…
电路/EC - 电子电路与系统基础	电路/EC - 电子电路与系统基础/QUESTIONS.md	Q25	环形振荡器与波形产生	环形振荡器的周期与什么有关？奇数个反相器为何能振荡，偶数个反相器能否形成同类振荡？怎样由正弦波得到方波？	test/2013-面试经历小结-黄博.pdf	0.293	regular	2013-面试经历小结-黄博.pdf	。然后问这是什么反馈方式，我说是电流串联负反馈，模电这边就完了。随后罗姐姐问知道环形计数器吗，我 说是一串反相器，罗姐姐说你再想想，我反应过来那是环形振荡器。罗姐姐就干脆问环形振荡器，问周期怎么 算，如果用偶数个反相器行不行。然后又开始问环形计数器，问N个D触发器组成的环形计数器周期怎么算，
电路/EC - 电子电路与系统基础	电路/EC - 电子电路与系统基础/QUESTIONS.md	Q25	环形振荡器与波形产生	环形振荡器的周期与什么有关？奇数个反相器为何能振荡，偶数个反相器能否形成同类振荡？怎样由正弦波得到方波？	test/2020-七字班推研面经-2.docx	0.317	regular	2020-七字班推研面经-2.docx	我这组主要是ggg、孙甲松老师等老师，然后被ggg疯狂安排QAQ，经常在别的组提问的时候突然插另一个相关的问题，所以导致整个流程下来我个人思绪比较乱。下面凭记忆回忆出部分问题。 自我介绍；英语组，提问为什么选择工商管理作为双学位，以及这个暑假干嘛去了（实习相关内容）； 电路相关：比如正弦波如何得到方波，方波如何得到（二倍频的）正弦波，奇数个反相器相连得到什么？周期和什么相关？
电路/EC - 电子电路与系统基础	电路/EC - 电子电路与系统基础/QUESTIONS.md	Q26	混频器与频谱搬移	混频器在发射机或接收机中有什么作用？为什么非线性器件或乘法器能搬移频谱？若输入两个正弦，输出包含哪些频率？	test/2009-推研资料.docx	0.532	regular	2009-推研资料.docx	183、载波同步有哪些方法？它们的含义有何不同？ 答：插入导频法（外同步法）和直接法（自同步法）.。: 在发送有用信号的同时，在适当的频率位置上，插入一个(或多个)称为导频的正弦波，接收端就由导频提取出载波，这类方法称为插入导频法；不专门发送导频，而在接收端直接从发送信号中提取载波，这类方法称为直接法。
电路/EC - 电子电路与系统基础	电路/EC - 电子电路与系统基础/QUESTIONS.md	Q26	混频器与频谱搬移	混频器在发射机或接收机中有什么作用？为什么非线性器件或乘法器能搬移频谱？若输入两个正弦，输出包含哪些频率？	test/2019-推研面经-4.docx	0.213	regular	2019-推研面经-4.docx	信号组出来后，就开始了电路组的面试，当然我也是抱着电路自己什么也不会的心态。张沕琳老师很友好，首先问我BJT和MOSFET的各个端口的意思，跨导增益，如何增大跨导增益……接着问我NPN-BJT的两个N可不可以互换，MOS的两个N可不可以互换，一个MOS有几个PN结。接着徐淑正老师开始问我混频电路，虽然我上过通信电路实验，还做了混频这个模块，然而我真的是什么都不懂，徐老师人真的太好了，一点点从发射机到接收机引导我去回答，虽然我最终还是不知道混频电路哈哈。 计算机组 周盛老师首先
电路/EC - 电子电路与系统基础	电路/EC - 电子电路与系统基础/QUESTIONS.md	Q27	ADC 的采样率、位数与功耗折中	怎样从系统角度分析 ADC 采样率与 bit 数的折中？	test/2022-九字班推研面经-1.docx	0.611	regular	2022-九字班推研面经-1.docx	第二个老师：光是电磁波吗？光怎么在光纤里传播？能从电磁波的角度解释一下吗？（没理解最后一个问题） glgg：所幸glgg没问通电的问题，而是问了好多ADC相关的问题（简历相关，我在简历里重点讲了自己做过ADC相关的大作业和实习，这也是个小技巧，可以通过简历和自我介绍引导老师提问自己的主攻方向） ggg就问了一个问题：能否从系统的角度分析一下ADC采样率和bit数的折衷？（简历相关，我一开始一头雾水，后来想了想就解释了一下Warden FoM）
电路/EC - 电子电路与系统基础	电路/EC - 电子电路与系统基础/QUESTIONS.md	Q28	DAC 分辨率与量化级	D/A 转换器的分辨率是什么？10 位 D/A 有多少个量化级，最小输出步长怎样计算？	test/2012-面经_九字班2.pdf	0.586	regular	2012-面经_九字班2.pdf	三极管的输入曲线，输出曲线，各个区的特点 CMOS 是什么？有什么特点？ D/A 的分辨率是什么概念，10 位 D/A 的分辨率是多少？
电路/EC - 电子电路与系统基础	电路/EC - 电子电路与系统基础/QUESTIONS.md	Q29	正弦整形与二分频	怎样把 $20\,\mathrm{MHz}$ 正弦波变成 $10\,\mathrm{MHz}$、$50\%$ 占空比的方波？分频电路怎样搭？	test/2012-留下面经，造福众生-孟越.pdf	0.526	regular	2012-留下面经，造福众生-孟越.pdf	下一组是电路组，包括数电模电通电，老师有罗嵘老师、李冬梅老师、李国林老师和不认识老师。一开始一个 不认识的老师问给一20MHz的正弦波，怎么得到10MHz占空比是50%的方波。在老师的启发下我答出先整形 ，再分频，老师又问分频电路怎么搭，我又不会了。然后就过了，下一位李国林老师问怎么搭一最简单的高通
电路/EC - 电子电路与系统基础	电路/EC - 电子电路与系统基础/QUESTIONS.md	Q30	示波器指标与稳定触发	怎样评价示波器性能？若屏幕上的波形一直滚动、不能稳定显示，应怎样调节？	test/2025-二字班推研面经-wj.pdf	0.483	regular	2025-二字班推研面经-wj.pdf	不认识老师 2 ：还有吗？ 我：带宽？ 不认识老师 2 ：如果示波器上的波形一直在滚动，稳定不下来，应该怎么调节示波器？
电路/EC - 电子电路与系统基础	电路/EC - 电子电路与系统基础/QUESTIONS.md	Q31	放大与理想变压器	什么是放大？变压器算不算放大器？	test/2024-一字班推研面经-吴凌沨.pdf	0.583	regular	2024-一字班推研面经-吴凌沨.pdf	5. 铜是什么格⼦？有哪些晶系？有多少种格⼦？ 3电路 1. 什么是放⼤？变压器算放⼤器吗？
电路/EC - 电子电路与系统基础	电路/EC - 电子电路与系统基础/QUESTIONS.md	Q32	数字温度计的混合信号链	设计一个数字温度计并画出流程图。传感器电压微弱时怎样处理？关系非线性且解析式不能准确表示时怎样校正？	test/2009-推研资料.docx	0.591	regular	2009-推研资料.docx	4.设计一个数字温度计，要求画出流程图。 我画了一个大致的，大概就是温度通过传感器变成电压信号，模拟电压信号再通过A/D转换器转换成数字表示。这个以前数模混合的时候做过，所以还答得比较顺利。之后老师们看了我的图，又问了问几个细节： 5.如果电压值比较微弱，什么处理方式？
电路/EC - 电子电路与系统基础	电路/EC - 电子电路与系统基础/QUESTIONS.md	Q32	数字温度计的混合信号链	设计一个数字温度计并画出流程图。传感器电压微弱时怎样处理？关系非线性且解析式不能准确表示时怎样校正？	test/2012-面经_九字班2.pdf	0.614	regular	2012-面经_九字班2.pdf	设计一个数字温度计，要求画出流程图。 我画了一个大致的，大概就是温度通过传感器变成电压信号，模拟电压信号再通过 A/D 转 换器转换成数字表示。这个以前数模混合的时候做过，所以还答得比较顺利。之后老师们
综合	综合/QUESTIONS.md	Q01	中文与英文自我介绍	请用一至三分钟作自我介绍，介绍学习、科研、社会工作和未来规划。	test/2012-留下面经，造福众生-孟越.pdf	0.52	regular	2012-留下面经，造福众生-孟越.pdf	，是因为这里需要4-6个人组团进去，刚去的时候比较熟的同学还都在一起，方便组队，另外这个组也应该算 是最轻松的组，反正就是进去瞎扯，有利于放松心情。面试流程是这样的，每个人不超过三分钟的自我介绍， 大家就谈谈自己的学习科研社工和其他各种经历，说说自己未来的规划什么的。然后在一个小题库里抽一道题
综合	综合/QUESTIONS.md	Q01	中文与英文自我介绍	Introduce yourself in English. You can talk about anything about yourself.	test/2021-八字班推研面经-贾文彬.docx	1.0	regular	2021-八字班推研面经-贾文彬.docx	前言：八字班和七字班一样，是大组20min面试，包括自我介绍+英语问答+电磁场固物组+信号组+计算机组+电路组。此外，如果简历上写了较多的实习/科研经历，老师也会针对性地进行提问，所以简历上写了这两项的同学一定也要好好准备这方面的问题（或者像笔者一样在简历上对自己的科研经历和曾修课程闭口不谈） 英语组 Introduce yourself in English. You can talk about anything about yourself.
综合	综合/QUESTIONS.md	Q02	学位选择、专业选择与未来规划	你想读 master 还是 PhD？为什么？	test/2012-留下面经，造福众生-孟越.pdf	0.667	regular	2012-留下面经，造福众生-孟越.pdf	赫兹的科普性的文章，大概介绍了一下太赫兹以及作者做的关于太赫兹的工作。5分钟到就进去面试了。这组 只认识汪玉老师和张彧老师。全场除了翻译全是英文对话，不过老师没让我翻译。开始先自我介绍。然后汪玉 老师问我是读master还是PhD，我说PhD，他问那你联系老师了吗，我说联系了，任老师，我暑假还在他那儿
综合	综合/QUESTIONS.md	Q02	学位选择、专业选择与未来规划	你未来的计划和研究计划是什么？	test/2020-七字班推研面经-潘美竹.docx	0.583	regular	2020-七字班推研面经-潘美竹.docx	你未来的计划 你擅长什么？不擅长什么？ 你最喜欢的运动是什么
综合	综合/QUESTIONS.md	Q02	学位选择、专业选择与未来规划	Why do you choose communication as your major?	test/2022-九字班九字班推研面经-2.docx	1.0	regular	2022-九字班九字班推研面经-2.docx	英文提问： What have you learned from your research experience?  (因为我自我介绍里说我从科研经历里学到很多) Why do you choose communication as your major?
综合	综合/QUESTIONS.md	Q03	科研项目中的个人贡献与收获	你在哪个科研项目中的贡献最大，具体做了什么？	test/2022推研面经-wcyh.docx	0.684	regular	2022推研面经-wcyh.docx	一进门，其他老师都在低头看材料，glgg冲我微笑地说，请先做一个两分钟的自我介绍。 （我的自我介绍里说了我打算读通信的博，所以后续面试和通信内容以及我的项目内容强相关） 说完之后，右手边第一个老师（maybe盛兴）用英文问我，你觉得你做过的科研项目里，哪个自己的贡献最大？自己都做了啥？我就说了，但是由于太紧张一下子忘词了，卡了半天没说出来几句话。然后老师微笑着就过了，用英文问了下一个问题，你觉得你的strength和weakness是什么。我随口就说，我的强项是勇气和聪明，弱
综合	综合/QUESTIONS.md	Q03	科研项目中的个人贡献与收获	请用英文讲讲你的科研经历。	test/2020-七字班推研面经-潘美竹.docx	0.909	regular	2020-七字班推研面经-潘美竹.docx	你擅长什么？不擅长什么？ 你最喜欢的运动是什么 用英文讲讲你的科研经历
综合	综合/QUESTIONS.md	Q03	科研项目中的个人贡献与收获	What have you learned from your research experience?	test/2022-九字班九字班推研面经-2.docx	1.0	regular	2022-九字班九字班推研面经-2.docx	自我介绍2min 英文提问： What have you learned from your research experience?  (因为我自我介绍里说我从科研经历里学到很多)
综合	综合/QUESTIONS.md	Q04	优势与不足	What are your strengths and weaknesses? 你擅长什么，不擅长什么？	test/2020-七字班推研面经-潘美竹.docx	0.857	regular	2020-七字班推研面经-潘美竹.docx	你最喜欢的课程 你未来的计划 你擅长什么？不擅长什么？
综合	综合/QUESTIONS.md	Q04	优势与不足	What are your strengths and weaknesses? 你擅长什么，不擅长什么？	test/2022推研面经-wcyh.docx	0.143	regular	2022推研面经-wcyh.docx	一进门，其他老师都在低头看材料，glgg冲我微笑地说，请先做一个两分钟的自我介绍。 （我的自我介绍里说了我打算读通信的博，所以后续面试和通信内容以及我的项目内容强相关） 说完之后，右手边第一个老师（maybe盛兴）用英文问我，你觉得你做过的科研项目里，哪个自己的贡献最大？自己都做了啥？我就说了，但是由于太紧张一下子忘词了，卡了半天没说出来几句话。然后老师微笑着就过了，用英文问了下一个问题，你觉得你的strength和weakness是什么。我随口就说，我的强项是勇气和聪明，弱
综合	综合/QUESTIONS.md	Q05	平衡学习、科研、社工与生活	如何平衡学习、社会工作和科研？	test/2020-七字班推研面经-1.docx	0.583	regular	2020-七字班推研面经-1.docx	面试前情报：“先根据简历问了一些，然后问香农公式、谐振腔模式、电生磁磁生电、基尔霍夫定律之类的，其实也没问几个问题”，“信号问了方波通过低通信道后输出什么情况。电路：1.     基尔霍夫定律物理上怎么解释2.     什么时候基尔霍夫定律不成立3.     数字电路的能耗来源” 面试情况： 自我介绍后李懋坤老师问英文问题：1如何平衡学习社工科研等；2讲一个大学三年来发生的故事。
综合	综合/QUESTIONS.md	Q05	平衡学习、科研、社工与生活	你怎样平衡学习和生活？	test/2024-一字班推研面经_高希钢.docx	0.889	regular	2024-一字班推研面经_高希钢.docx	综合组 先是每人1分钟中文自我介绍，到时间会提醒但不会打断。（之前听说自我介绍是3分钟，就按3分钟准备的，一听到1分钟开始紧急缩句，感觉很快就说完了） 然后一个老师专门问英语，挨个问，基本照着个人自述问，如果答不上来就换一个问题（我英语比较烂，直到个人自述问完都没有一个完整回答了的，应该算是相当惨烈了，自述里的几乎每一个点都被以我完全想不到的方式提问了，直接麻了。写了几段科研经历，以为要问我具体干了啥，结果那老师问我为啥要换科研方向；写了自己社工经历，问我组织过什么活动，说了
综合	综合/QUESTIONS.md	Q06	最喜欢的课程、运动或小说	What's your favorite sport?	test/2013-面试经历小结-黄博.pdf	0.0	regular	2013-面试经历小结-黄博.pdf	[PAGE 1] 面试经历小结 黄博
综合	综合/QUESTIONS.md	Q06	最喜欢的课程、运动或小说	你最喜欢的课程是什么？	test/2020-七字班推研面经-潘美竹.docx	0.889	regular	2020-七字班推研面经-潘美竹.docx	你最喜欢的课程 你未来的计划 你擅长什么？不擅长什么？
综合	综合/QUESTIONS.md	Q06	最喜欢的课程、运动或小说	What's your favorite novel?	test/2025-二字班推研面经-wj.pdf	1.0	regular	2025-二字班推研面经-wj.pdf	姚铮结束，张真人正要发问时，时间到 综合组 6 人一组群面，首先每人 1 分钟自我介绍 +1 分钟英语问答，均掐表计时。陈巍问我 What's your favorite novel ，
综合	综合/QUESTIONS.md	Q07	大学经历、社工与社会实践	讲一个大学三年来发生的故事。	test/2020-七字班推研面经-1.docx	1.0	regular	2020-七字班推研面经-1.docx	面试前情报：“先根据简历问了一些，然后问香农公式、谐振腔模式、电生磁磁生电、基尔霍夫定律之类的，其实也没问几个问题”，“信号问了方波通过低通信道后输出什么情况。电路：1.     基尔霍夫定律物理上怎么解释2.     什么时候基尔霍夫定律不成立3.     数字电路的能耗来源” 面试情况： 自我介绍后李懋坤老师问英文问题：1如何平衡学习社工科研等；2讲一个大学三年来发生的故事。
综合	综合/QUESTIONS.md	Q07	大学经历、社工与社会实践	What was your best social activity or social practice?	test/2020-七字班推研面经-闫雯荻.docx	0.0	regular	2020-七字班推研面经-闫雯荻.docx	此篇面经写于2020/9/21，距离拿到光电Phd offer已然一周时间。笔者GPA排名50%，面试排名约25%，或许在整体准备上对中游的同学有一定的参照之处。在正式开始之前，送给大家一句话：“生活就像一盒巧克力，你永远不知道下一颗是什么味道。” 【面试背景】 2020年7字班推研面试的最大区别就是只有一个综合组，其总体组成是2min自我介绍+2min英语问答+16min专业知识提问，如此设计主要为了方便外校同学面试；同时7字班新增加了综合素质评价表以及自选材料，综合素质评
综合	综合/QUESTIONS.md	Q07	大学经历、社工与社会实践	你组织过什么活动，在其中承担什么职责？	test/2024-一字班推研面经_高希钢.docx	0.8	regular	2024-一字班推研面经_高希钢.docx	综合组 先是每人1分钟中文自我介绍，到时间会提醒但不会打断。（之前听说自我介绍是3分钟，就按3分钟准备的，一听到1分钟开始紧急缩句，感觉很快就说完了） 然后一个老师专门问英语，挨个问，基本照着个人自述问，如果答不上来就换一个问题（我英语比较烂，直到个人自述问完都没有一个完整回答了的，应该算是相当惨烈了，自述里的几乎每一个点都被以我完全想不到的方式提问了，直接麻了。写了几段科研经历，以为要问我具体干了啥，结果那老师问我为啥要换科研方向；写了自己社工经历，问我组织过什么活动，说了
综合	综合/QUESTIONS.md	Q08	对电子系课程的建议	What suggestions do you have for the courses in the Department of Electronic Engineering?	test/2020-七字班推研面经-3.docx	0.0	regular	2020-七字班推研面经-3.docx	我们周边有哪些无线信号? 如何接收我们想要的信号? 会议室十个人需要同时完成通信，用相同频段怎么做?
综合	综合/QUESTIONS.md	Q09	用英语解释技术概念	Introduce AI. What is the future of AI?	test/2022面试问题_sy.docx	0.0	regular	2022面试问题_sy.docx	2022年面试问题： 英语： Introduce AI?
综合	综合/QUESTIONS.md	Q09	用英语解释技术概念	Can you explain what Graph Learning is? How do you input a graph to a large language model?	test/2024-一字班推研面经-zcy.docx	0.0	regular	2024-一字班推研面经-zcy.docx	面试背景 2024年电子系推研又恢复了五个面试房间分别面试的形式，按此趋势来看未来几年应该都会按照此种形式进行。五个面试房间分别为电磁场与固体物理组、信号与通信组、电路组、计算机组和综合组。 其中，电磁场与固体物理组主要就是问这两门课，一般不会涉及到量统等其他物理知识；计算机组则会问流水线、计程设、数算和媒认的相关内容（但我没有被问到数算，据说也有被抓住一门课问到底的）个人体感这组还是很友好的，基本问的都是学习过的或是曾经在推研面经上出现的内容；电路组问数字电路（数逻前半学期
综合	综合/QUESTIONS.md	Q09	用英语解释技术概念	你说了很多 CS 的内容，能不能谈谈 EE？	test/2020-七字班推研面经-潘美竹.docx	0.786	regular	2020-七字班推研面经-潘美竹.docx	你最喜欢的运动是什么 用英文讲讲你的科研经历 你说了很多CS的相关的东西，能不能谈谈EE？
综合	综合/QUESTIONS.md	Q10	研究生创新能力的影响因素	中国研究生创新性成果为什么不如美国研究生？	test/2009-推研资料.docx	1.0	regular	2009-推研资料.docx	今天下午的系里面试。三点和小豪磨叽到东主楼，发现外面一圈人围着等，遇见了bbw，dabo等牛人在外面很兴奋的样子。和班上的哥几个初步讨论之后，决定先去综合组（这个群面，30分钟，一组六个人，且不会问专业问题，比较容易一些）。 等到我们6个进去后，扫了一圈，大概坐了7、8个老师的样子，只认识赵华凤老师和张利老师，气氛有些许紧张。估计面多了人心烦，加上这个屋比较热。进去之后挨个自我介绍，每人两分钟时间。我们多半是介绍自己的社会工作经历和科研经历。注意说完名字以后要稍等几秒，让老师
综合	综合/QUESTIONS.md	Q10	研究生创新能力的影响因素	科研中哪些因素会造成科研成果和创新性程度的区别？	test/2018_面试整体情况.docx	1.0	regular	2018_面试整体情况.docx	其他的文章还有：隐私保护、弦论、光波衍射、半导体器件发展之类的。都是科普综述类的小文章。 六、综合组 我们抽到的题目是：你认为在科研中哪些因素会造成科研成果和创新性程度的区别？
综合	综合/QUESTIONS.md	Q10	研究生创新能力的影响因素	影响研究生创新能力的激励因素和限制因素有哪些？	test/2014-面经_二字班.pdf	0.75	regular	2014-面经_二字班.pdf	当然以上仅代表个人观点，确实并不一定是适合所有人的方案。但总之不必客气，特 别的，理工科出身的人向来对数字敏感，所以如何列锦，大家懂得~ 关于讨论的话，我们组的题目是关于当代研究生创新的激励因素有哪些，限制因素又
综合	综合/QUESTIONS.md	Q10	研究生创新能力的影响因素	影响研究生创新能力的激励因素和限制因素有哪些？	test/2019-推研面经-2.docx	0.6	regular	2019-推研面经-2.docx	7、总线上的负载越多，速度越慢还是越快？ 综合： 抽到的题目是影响研究生创新能力的因素。
综合	综合/QUESTIONS.md	Q11	仿真是否科学，能否完全依赖仿真	仿真是否科学，是否可以完全依赖仿真？	test/2012-留下面经，造福众生-孟越.pdf	0.769	regular	2012-留下面经，造福众生-孟越.pdf	大家就谈谈自己的学习科研社工和其他各种经历，说说自己未来的规划什么的。然后在一个小题库里抽一道题 目，准备不超过三分钟，然后讨论五分钟。我们组抽到的是关于仿真是否科学的话题。大家就blablabla的说“ 仿真这东西肯定科学”啊，“但是我们不能完全依赖仿真”啊，“仿真完了还是要进行实验验证”啊什么的。
综合	综合/QUESTIONS.md	Q11	仿真是否科学，能否完全依赖仿真	谈谈仿真方法在科学研究中的应用。	test/2014-一字班推研那点事儿（3）-宗泽宇.pdf	0.857	regular	2014-一字班推研那点事儿（3）-宗泽宇.pdf	了。自我介绍之后 每组选一个人抽无领导小组讨论的主题 ，我们组是我抽的，其实我一开始不愿意，一组里面 五个八班的就我一个九班的，我去抽题目一旦抽坏了可能没法交代，汪玉老师还开玩笑的说不管你是根棍还是 座山什么的反正你来吧。。。大家都笑了。我们的主题是仿真方法在科学研究中的应用。由于之前的自我介绍
综合	综合/QUESTIONS.md	Q12	为什么读研，以及如何看待退学创业成功	为什么要读研？Bill Gates、Steve Jobs 等人退学创业也成功了，你怎么看？	test/2013-面试经历小结-黄博.pdf	0.7	regular	2013-面试经历小结-黄博.pdf	综合这一组应该是最无压力的，毕竟是6个人一起，而且我还跟着侯神、旭总和乾程三位大神。这一组有张利 老师、袁坚老师、汪玉老师，其他几位不认识。进去以后随便抽一个话题，我们的是“为什么要读研？比尔盖 茨、乔布斯等人退学创业也获得了成功，你对此怎么看？”云云。侯神和旭总都豪气干云地说我要献身科研专
综合	综合/QUESTIONS.md	Q13	大学如何培养解决新问题的能力	大学应让创造者、领导者和发明者获得解决新问题的能力，并知道新问题不适合用旧方法解决。谈谈你的看法。	test/2017-面试经验-陈誉博.docx	0.756	regular	2017-面试经验-陈誉博.docx	英语组没啥，就是之前给一篇文章，然后给5分钟看一下。我一看抽到的是一篇神经生物学的文章，大概是可以用超声波在头骨外控制行为之类的（词全不认识！！！）。我大概先简略的看了一遍，然后又开始仔细看，大概第二遍看了一半时间就到了。进去之后直接是自我介绍，据说有时间限制，但是我应该是说的没到时间，反正比较顺利的就说完了。之后老师让我总结一下文章。我大概说了几句。然后老师说朗读一下其中的一段然后翻译一下吧。这个没什么可说的，就是看着文章翻译，翻译的时候注意一下流畅性，遇到不会的单词尽量跳
综合	综合/QUESTIONS.md	Q14	论文抄袭与科研诚信	如何看待和处理论文抄袭？	test/2013-面经_零字班.pdf	0.7	regular	2013-面经_零字班.pdf	员，能够自然地将大家组织和串联起来，才是一种难能可贵的能力。 （2）任何一个讨论话题，从不同的角度思考，都会产生不同的想法，甚至得出不同的结 论。就拿论文抄袭这件事情来说，处罚固然重要，但一定还有更多的东西值得我们思考和
综合	综合/QUESTIONS.md	Q15	SRT 项目的成果导向与质量	SRT 项目容易成为学生只为发表论文的内容，怎样解决？	test/2014-面经_二字班.pdf	0.619	regular	2014-面经_二字班.pdf	嗯，关于综合组的题目，其实我觉得主要就是两类，其一是有关我们大学生自身的发 展（如我们组的题目、再如大学生如何平衡创业和学业什么的，SRT 项目往往容易成为大 家水论文的内容怎么解决） ，其二是有关电子信息行业发展与社会（如电子产业是否是绿色
综合	综合/QUESTIONS.md	Q16	大学生如何平衡创业和学业	大学生如何平衡创业和学业？	test/2014-面经_二字班.pdf	1.0	regular	2014-面经_二字班.pdf	（可能自我介绍也都长了点）。 嗯，关于综合组的题目，其实我觉得主要就是两类，其一是有关我们大学生自身的发 展（如我们组的题目、再如大学生如何平衡创业和学业什么的，SRT 项目往往容易成为大
综合	综合/QUESTIONS.md	Q17	与导师在科研方向上意见不一致	如果你和导师在科研方向上意见不一致，怎么办？	test/2024-一字班推研面经-lym.pdf	1.0	regular	2024-一字班推研面经-lym.pdf	英语提问，主要问一些科研经历相关的。最后 1 号同学会从纸袋里抽一个讨论话题，大家进行无领导小组 讨论。我们的话题是 “ 中非合作论坛 ” ，其他听说的问题有 “ 俄乌战争 ”“ 如果你和导师在科研方向上意见不 一致怎么办 ”
综合	综合/QUESTIONS.md	Q18	物联网的技术问题与发展前景	什么是物联网？它面临哪些技术问题，发展前景如何？	test/2013-面经_零字班.pdf	0.7	regular	2013-面经_零字班.pdf	来抽一个话题讨论，老师也会时不时的加入讨论，总之很轻松的~~ 我们抽到的题目是有关 IOT（物联网）的，包括什么是物联网，技术问题，发展前 景什么的我们展开了长达 25 分钟的讨论（综合面试平均一人 5 分钟，整个组时间和人数
综合	综合/QUESTIONS.md	Q19	人工智能与 ChatGPT 对教育的冲击	人工智能与 ChatGPT 对当下教育有什么冲击？	test/2024-一字班推研面经-李羿璇.pdf	0.733	regular	2024-一字班推研面经-李羿璇.pdf	最后⾃由讨论，抽⼀个话题（中⽂，笔者抽的是⼈⼯智能与 ChatGPT 对当下教育的冲击，胡⾔乱语就好） 计算机组 mhb：为什么不实现减法器？（补码）补码⽐原码的优势？（运算封闭？可以直接加？不知道）反码有什么应⽤？
综合	综合/QUESTIONS.md	Q20	科技创新与产业转型中电子系毕业生的责任	国家处于科技创新和产业转型关键时期，电子系毕业生应该做什么？	test/2014-记一次人品大爆发-郭开元.pdf	0.852	regular	2014-记一次人品大爆发-郭开元.pdf	先去的综合。对面大概五六个老师的样子，有汪老板、级主任王剑老师、计算机图形学的张利老师，别的好像 不认识了。 抽到的题目是”在国家面临科技创新和产业转型的关键时期，电子系毕业生应该做什么“。在我看来基本上变
综合	综合/QUESTIONS.md	Q21	科技封锁、国家安全与技术全球化	各国竞争和科技封锁是否有益于科学技术发展？如何平衡国家科技安全和技术全球化？	test/2025-二字班推研面经-ljh.docx	0.818	regular	2025-二字班推研面经-ljh.docx	6人一组，每人先进行1分钟中英文皆可的自我介绍，然后lym老师和另外一个不认识的老师根据你的自我介绍问一个英语问题，用1分钟回答。 接下来是无领导讨论，用2分钟自由讨论，之后每个人2分钟表达自己的观点。 我们抽到的题目是：随着科技民族化（？）这种现象的发展，请问各国的竞争和科技封锁是否对科学技术的发展是有益的？如何平衡国家科技安全和技术全球化？
综合	综合/QUESTIONS.md	Q22	是否继续投入可控核聚变研究	可控核聚变短期仍可能没有技术突破，是否应继续投入研发资源？	test/2025-二字班推研面经-wj.pdf	0.769	regular	2025-二字班推研面经-wj.pdf	这问题我根本没准备，只能瞎扯 然后是无领导小组面试，首先有 2 分钟的自由讨论时间，然后每人有 2 分钟发言时间。我们抽到的问题是 “ 人类 已经在可控核聚变上投入了大量研发资源，短期来看仍没有技术突破的可能，你认为是否应继续投入资源研究
综合	综合/QUESTIONS.md	Q23	如何缓解大学生的竞争压力	学生进入大学后发现高手众多、竞争压力大，作为辅导员或班主任应采取什么措施？	test/2024-一字班推研面经-高思研.pdf	0.545	regular	2024-一字班推研面经-高思研.pdf	怎么提科研（主要讲了我的奖项荣誉），然后老师问了我自己如何看待  success ，如何做到  success ，具 体有点忘了，反正大家的口语都那样。最后就是无领导小组讨论，我们抽到的问题是：高中时大家都是 佼佼者，到了大学发现高手如云，竞争压力大，作为辅导员、班主任如何采取措施。
综合	综合/QUESTIONS.md	Q24	教育的可持续发展	如何实现教育的可持续发展？	test/2024-一字班推研面经_高希钢.docx	0.727	regular	2024-一字班推研面经_高希钢.docx	先是每人1分钟中文自我介绍，到时间会提醒但不会打断。（之前听说自我介绍是3分钟，就按3分钟准备的，一听到1分钟开始紧急缩句，感觉很快就说完了） 然后一个老师专门问英语，挨个问，基本照着个人自述问，如果答不上来就换一个问题（我英语比较烂，直到个人自述问完都没有一个完整回答了的，应该算是相当惨烈了，自述里的几乎每一个点都被以我完全想不到的方式提问了，直接麻了。写了几段科研经历，以为要问我具体干了啥，结果那老师问我为啥要换科研方向；写了自己社工经历，问我组织过什么活动，说了个学生节
综合	综合/QUESTIONS.md	Q25	中非合作论坛	谈谈中非合作论坛。	test/2024-一字班推研面经-lym.pdf	0.714	regular	2024-一字班推研面经-lym.pdf	6 位，我只认识李洪老师和樊平毅老师。每人 1 分钟自我介绍，接下来由一位老师依次根据个人陈述进行 英语提问，主要问一些科研经历相关的。最后 1 号同学会从纸袋里抽一个讨论话题，大家进行无领导小组 讨论。我们的话题是 “ 中非合作论坛 ” ，其他听说的问题有 “ 俄乌战争 ”“ 如果你和导师在科研方向上意见不
综合	综合/QUESTIONS.md	Q26	俄乌战争	谈谈俄乌战争。	test/2024-一字班推研面经-lym.pdf	0.6	regular	2024-一字班推研面经-lym.pdf	6 位，我只认识李洪老师和樊平毅老师。每人 1 分钟自我介绍，接下来由一位老师依次根据个人陈述进行 英语提问，主要问一些科研经历相关的。最后 1 号同学会从纸袋里抽一个讨论话题，大家进行无领导小组 讨论。我们的话题是 “ 中非合作论坛 ” ，其他听说的问题有 “ 俄乌战争 ”“ 如果你和导师在科研方向上意见不
计算/AR - 现代计算机体系架构	计算/AR - 现代计算机体系架构/QUESTIONS.md	Q01	32 位与 64 位体系结构	32 位计算机和 64 位计算机有什么区别？为什么现代通用计算更多采用 64 位？	test/2024-一字班推研面经_高希钢.docx	0.583	regular	2024-一字班推研面经_高希钢.docx	不认识老师2：32位计算机和64位计算机有什么区别？ 他们的地址长度不一样 不认识老师2：那为什么现在我们用的更多是64位计算机呢？有什么好处啊？
计算/AR - 现代计算机体系架构	计算/AR - 现代计算机体系架构/QUESTIONS.md	Q02	单周期处理器的数据通路	单周期处理器有哪些主要部件？执行一条指令经过哪些步骤？	test/2013-趁没忘记题目-谷梦媛.pdf	0.478	regular	2013-趁没忘记题目-谷梦媛.pdf	计算机 马慧敏老师一直问我关于流水线的一些问题，挺简单的… 1 单周期的处理器有哪些部件？各个步骤叫啥？
计算/AR - 现代计算机体系架构	计算/AR - 现代计算机体系架构/QUESTIONS.md	Q02	单周期处理器的数据通路	单周期处理器有哪些主要部件？执行一条指令经过哪些步骤？	test/2013-面经_零字班.pdf	0.609	regular	2013-面经_零字班.pdf	计算机 马慧敏老师一直问我关于流水线的一些问题，挺简单的… 1 单周期的处理器有哪些部件？各个步骤叫啥？
计算/AR - 现代计算机体系架构	计算/AR - 现代计算机体系架构/QUESTIONS.md	Q02	单周期处理器的数据通路	单周期处理器有哪些主要部件？执行一条指令经过哪些步骤？	test/2016-推研面试经验分享_胡雨婷.pptx	0.522	regular	2016-推研面试经验分享_胡雨婷.pptx	流水线、加速比、冒险及解决方法 单周期处理器有哪些部件？各个步骤是什么？ C语言中命令如何用指令方式实现
计算/AR - 现代计算机体系架构	计算/AR - 现代计算机体系架构/QUESTIONS.md	Q03	RISC、CISC 与流水化	RISC 和 CISC 各有什么特点？为什么 MIPS 容易实现流水线？	test/2013-据说留下面经可以攒人品-戴国浩.pdf	0.611	regular	2013-据说留下面经可以攒人品-戴国浩.pdf	吴及老师，黄永峰老师和孙甲松老师，有点意外。都问了我这些问题： 市场上现在比较流行的两种指令集结构是什么？都有什么特点？ 流水线是怎么实现的？为什么MIPS可以做流水（当然X86也能哈）？
计算/AR - 现代计算机体系架构	计算/AR - 现代计算机体系架构/QUESTIONS.md	Q03	RISC、CISC 与流水化	RISC 和 CISC 各有什么特点？为什么 MIPS 容易实现流水线？	test/2013-面经_零字班.pdf	0.611	regular	2013-面经_零字班.pdf	[PAGE 15] 电子系推研面试参考资料 1 零字班面经分类整理 By Waiter  For W22 W23 W24 流水线是怎么实现的？为什么 MIPS 可以做流水（当然 X86 也能哈）？
计算/AR - 现代计算机体系架构	计算/AR - 现代计算机体系架构/QUESTIONS.md	Q03	RISC、CISC 与流水化	RISC 和 CISC 各有什么特点？为什么 MIPS 容易实现流水线？	test/2019-推研面经-2.docx	0.167	regular	2019-推研面经-2.docx	1、左手边孙忆南老师给了一张图，说需要实现一个确定放大倍数的放大电路，要选哪个电路，有三个选项，我选了个负反馈的。 2、接着问电路图上两个电阻的比值应该是多少？ 3、负反馈有什么缺点？
计算/AR - 现代计算机体系架构	计算/AR - 现代计算机体系架构/QUESTIONS.md	Q04	流水线原理、性能与深度	什么是流水线？怎样评价流水线性能？$k$ 级流水线的理想加速比是多少，为什么实际达不到？流水线越深越好吗？	test/2012-面经_九字班1.pdf	0.417	regular	2012-面经_九字班1.pdf	有 1000 个节点的完全二叉树有多少个叶子节点？为什么? CMOS 是什么？有什么特点？ 频域受限，实域也受限的系统怎么实现?
计算/AR - 现代计算机体系架构	计算/AR - 现代计算机体系架构/QUESTIONS.md	Q04	流水线原理、性能与深度	什么是流水线？怎样评价流水线性能？$k$ 级流水线的理想加速比是多少，为什么实际达不到？流水线越深越好吗？	test/2013-趁没忘记题目-谷梦媛.pdf	0.361	regular	2013-趁没忘记题目-谷梦媛.pdf	2 有啥冒险竞争之类的？怎么解决的？ 3 k级流水线加速比？能不能实际达到？为啥达不到？ 4 MIPS指令和处理器结构是什么关系，和数据通路什么关系？（我不明白想问啥…所以我瞎说了一会，打铃了
计算/AR - 现代计算机体系架构	计算/AR - 现代计算机体系架构/QUESTIONS.md	Q04	流水线原理、性能与深度	什么是流水线？怎样评价流水线性能？$k$ 级流水线的理想加速比是多少，为什么实际达不到？流水线越深越好吗？	test/2013-据说留下面经可以攒人品-戴国浩.pdf	0.222	regular	2013-据说留下面经可以攒人品-戴国浩.pdf	吴及老师，黄永峰老师和孙甲松老师，有点意外。都问了我这些问题： 市场上现在比较流行的两种指令集结构是什么？都有什么特点？ 流水线是怎么实现的？为什么MIPS可以做流水（当然X86也能哈）？
计算/AR - 现代计算机体系架构	计算/AR - 现代计算机体系架构/QUESTIONS.md	Q04	流水线原理、性能与深度	什么是流水线？怎样评价流水线性能？$k$ 级流水线的理想加速比是多少，为什么实际达不到？流水线越深越好吗？	test/2013-面经_零字班.pdf	0.639	regular	2013-面经_零字班.pdf	2 有啥冒险竞争之类的？怎么解决的？ 3 k 级流水线加速比？能不能实际达到？为啥达不到？ 4 MIPS 指令和处理器结构是什么关系，和数据通路什么关系？（我不明白想问啥…所以我
计算/AR - 现代计算机体系架构	计算/AR - 现代计算机体系架构/QUESTIONS.md	Q04	流水线原理、性能与深度	什么是流水线？怎样评价流水线性能？$k$ 级流水线的理想加速比是多少，为什么实际达不到？流水线越深越好吗？	test/2014-记一次人品大爆发-郭开元.pdf	0.222	regular	2014-记一次人品大爆发-郭开元.pdf	之前一直听说建立时间和保持时间一定会问，所以估计这里可以用。解决方法什么的……） 4.有限状态机有哪几种？设计的时候应该根据哪些因素来确定用哪一种有限状态机？ 5.流水线加速的原理？能将CPU主频提高多少？
计算/AR - 现代计算机体系架构	计算/AR - 现代计算机体系架构/QUESTIONS.md	Q04	流水线原理、性能与深度	什么是流水线？怎样评价流水线性能？$k$ 级流水线的理想加速比是多少，为什么实际达不到？流水线越深越好吗？	test/2017-面试经验-陈誉博.docx	0.306	regular	2017-面试经验-陈誉博.docx	CPU里面流水线和单周期的优点和缺点是什么？ 流水线是把一个任务分解成多个子任务，每个子任务依次进行，并行运算，通过时间重叠来提高处理器的速度；而单周期是在一个时钟周期内把一个指令里面的所有子任务都执行完，在执行其中一步的时候其他部分的硬件就会闲置，所以利用率不高。流水线是通过提高吞吐率来加快速度而加快速度，实际上每个阶段的延时都会有一定的恶化。 流水线的频率能比单周期高吗？
计算/AR - 现代计算机体系架构	计算/AR - 现代计算机体系架构/QUESTIONS.md	Q04	流水线原理、性能与深度	什么是流水线？怎样评价流水线性能？$k$ 级流水线的理想加速比是多少，为什么实际达不到？流水线越深越好吗？	test/2024-一字班推研面经-zcy.docx	0.472	regular	2024-一字班推研面经-zcy.docx	计算机组中规中矩，但说好的数算呢，以及我想在电路组用来水时间的流水线怎么跑这来了？主要问题有这些： 知道流水线吧，说说什么是流水线？ 怎么去评价一个流水线的性能？
计算/AR - 现代计算机体系架构	计算/AR - 现代计算机体系架构/QUESTIONS.md	Q05	流水线冒险及其处理	流水线有哪些冒险？分别怎样处理？旁路能否解决所有数据冒险？`load-use` 和分支冒险怎样处理？为什么编译器已经调度，硬件仍要处理冒险？	test/2013-趁没忘记题目-谷梦媛.pdf	0.196	regular	2013-趁没忘记题目-谷梦媛.pdf	马慧敏老师一直问我关于流水线的一些问题，挺简单的… 1 单周期的处理器有哪些部件？各个步骤叫啥？ 2 有啥冒险竞争之类的？怎么解决的？
计算/AR - 现代计算机体系架构	计算/AR - 现代计算机体系架构/QUESTIONS.md	Q05	流水线冒险及其处理	流水线有哪些冒险？分别怎样处理？旁路能否解决所有数据冒险？`load-use` 和分支冒险怎样处理？为什么编译器已经调度，硬件仍要处理冒险？	test/2013-据说留下面经可以攒人品-戴国浩.pdf	0.348	regular	2013-据说留下面经可以攒人品-戴国浩.pdf	流水线当中有哪几种冒险？怎么处理？ 从编译器上怎么优化尽量避免冒险？ 为什么软件上可以优化了，硬件上还要处理冒险？
计算/AR - 现代计算机体系架构	计算/AR - 现代计算机体系架构/QUESTIONS.md	Q05	流水线冒险及其处理	流水线有哪些冒险？分别怎样处理？旁路能否解决所有数据冒险？`load-use` 和分支冒险怎样处理？为什么编译器已经调度，硬件仍要处理冒险？	test/2013-推研那点儿事（上）-魏特.pdf	0.326	regular	2013-推研那点儿事（上）-魏特.pdf	胡说了，哪位老师快救救我吧>_<）……从软件方面可以进行指令调度…… 不认识老师2：（霸气地）举一个例子！ 我：（老师您太nice了^_^）比如流水线中的load-use型冒险，是不能通过数据转发解决的，必须加入阻塞，
计算/AR - 现代计算机体系架构	计算/AR - 现代计算机体系架构/QUESTIONS.md	Q05	流水线冒险及其处理	流水线有哪些冒险？分别怎样处理？旁路能否解决所有数据冒险？`load-use` 和分支冒险怎样处理？为什么编译器已经调度，硬件仍要处理冒险？	test/2013-面经_零字班.pdf	0.565	regular	2013-面经_零字班.pdf	流水线当中有哪几种冒险？怎么处理？ 从编译器上怎么优化尽量避免冒险？ 为什么软件上可以优化了，硬件上还要处理冒险？
计算/AR - 现代计算机体系架构	计算/AR - 现代计算机体系架构/QUESTIONS.md	Q05	流水线冒险及其处理	流水线有哪些冒险？分别怎样处理？旁路能否解决所有数据冒险？`load-use` 和分支冒险怎样处理？为什么编译器已经调度，硬件仍要处理冒险？	test/2024-一字班推研面经-zcy.docx	0.37	regular	2024-一字班推研面经-zcy.docx	知道流水线吧，说说什么是流水线？ 怎么去评价一个流水线的性能？ 流水线中有哪些冒险？怎么解决？
计算/AR - 现代计算机体系架构	计算/AR - 现代计算机体系架构/QUESTIONS.md	Q06	主频、CPI 与处理器性能	提高处理器主频能使性能提高多少？怎样把原本工作在 $1.5\,\mathrm{GHz}$ 的处理器提高到 $4\,\mathrm{GHz}$ 或 $5\,\mathrm{GHz}$？	test/2013-面经_零字班.pdf	0.423	regular	2013-面经_零字班.pdf	计算机 马慧敏老师一直问我关于流水线的一些问题，挺简单的… 1 单周期的处理器有哪些部件？各个步骤叫啥？
计算/AR - 现代计算机体系架构	计算/AR - 现代计算机体系架构/QUESTIONS.md	Q06	主频、CPI 与处理器性能	提高处理器主频能使性能提高多少？怎样把原本工作在 $1.5\,\mathrm{GHz}$ 的处理器提高到 $4\,\mathrm{GHz}$ 或 $5\,\mathrm{GHz}$？	test/2014-记一次人品大爆发-郭开元.pdf	0.269	regular	2014-记一次人品大爆发-郭开元.pdf	之前一直听说建立时间和保持时间一定会问，所以估计这里可以用。解决方法什么的……） 4.有限状态机有哪几种？设计的时候应该根据哪些因素来确定用哪一种有限状态机？ 5.流水线加速的原理？能将CPU主频提高多少？
计算/AR - 现代计算机体系架构	计算/AR - 现代计算机体系架构/QUESTIONS.md	Q06	主频、CPI 与处理器性能	提高处理器主频能使性能提高多少？怎样把原本工作在 $1.5\,\mathrm{GHz}$ 的处理器提高到 $4\,\mathrm{GHz}$ 或 $5\,\mathrm{GHz}$？	test/2024-一字班推研面经-yj自行整理.zip	0.5	zip-interview	2024-一字班推研面经-yj自行整理.zip::面经-yj自行整理/markdown/推研面经2024.md	2.建立时间能不能是负的？保持时间能不能是负的？它们两个能不能同时是负的？（这个lxq上课还真讲过，但我忘了.........) 3.一个CMOS反相器，提高他的供电电压，反相器的延时是增大还是减小？ 4.一个原本工作在1.5GHz主频的处理器怎么让他工作在4GHz，5GHz的主频（我答的多周期，流水线，多线程）
计算/AR - 现代计算机体系架构	计算/AR - 现代计算机体系架构/QUESTIONS.md	Q07	SRAM、DRAM 与存储层次	寄存器、缓存、主存和硬盘的速度怎样排序？寄存器、SRAM 与 DRAM 的存储单元有什么区别？为什么 SRAM 更快、DRAM 需要刷新？	test/2012-面经_九字班2.pdf	0.316	regular	2012-面经_九字班2.pdf	用一个移位寄存器实现一个计数器 数电时序电路中，状态分配是否是是任意的，对后面有什么影响？ 寄存器和动态存储器的区别
计算/AR - 现代计算机体系架构	计算/AR - 现代计算机体系架构/QUESTIONS.md	Q07	SRAM、DRAM 与存储层次	寄存器、缓存、主存和硬盘的速度怎样排序？寄存器、SRAM 与 DRAM 的存储单元有什么区别？为什么 SRAM 更快、DRAM 需要刷新？	test/2014-一字班推研那点事儿（2）-宗泽宇.pdf	0.447	regular	2014-一字班推研那点事儿（2）-宗泽宇.pdf	9、主存、缓存、硬盘、寄存器速度排序 10、缓存和寄存器单元结构 11、DRAM和SRAM结构，为什么前者慢一些
计算/AR - 现代计算机体系架构	计算/AR - 现代计算机体系架构/QUESTIONS.md	Q07	SRAM、DRAM 与存储层次	寄存器、缓存、主存和硬盘的速度怎样排序？寄存器、SRAM 与 DRAM 的存储单元有什么区别？为什么 SRAM 更快、DRAM 需要刷新？	test/2023-0字班推研面经-1.pdf	0.211	regular	2023-0字班推研面经-1.pdf	短和虚断？ 2. SRAM 和 DRAM 的区别？（答了答基本组成，应用场景等）为什么 SRAM 比 DRAM 快？ （刷新问题）从电路角度解释一下为什么 SRAM 不需要刷新？（这个问题答得很寄，我
计算/AR - 现代计算机体系架构	计算/AR - 现代计算机体系架构/QUESTIONS.md	Q08	Cache 结构与 3C 失效	Cache 的 3C 失效分别是什么？	test/2013-面经_零字班.pdf	0.667	regular	2013-面经_零字班.pdf	到点上 好吧我错了。。。最基本的概念这是。回去果断面壁 ”你提到了两类错误，分别是什么？“
计算/AR - 现代计算机体系架构	计算/AR - 现代计算机体系架构/QUESTIONS.md	Q08	Cache 结构与 3C 失效	Cache 的结构是什么？	test/2024-一字班推研面经-高思研.pdf	0.833	regular	2024-一字班推研面经-高思研.pdf	进去之前听说狂问数电，但是我进去的时候数电模电都有问。问题其实记得没那么清楚了，印象中问了 延时的相关问题、 cache 的结构、三态门高阻态。我回答延迟的时候提到了  提高  VDD 降低延时，然后模 电的老师问了为什么（ 1V 的  VDD 电压到  0.8V 可以导通， 2V 的  VDD 电压到  1.6V 可以导通，那延时会
计算/AR - 现代计算机体系架构	计算/AR - 现代计算机体系架构/QUESTIONS.md	Q09	虚拟内存与 TLB	什么是虚拟内存？有哪些管理方式，怎样比较？TLB 起什么作用？	test/2012-面经_九字班1.pdf	0.591	regular	2012-面经_九字班1.pdf	虚拟内存的概念，虚拟内存的管理方式，哪一种比较好（TLB 神马的） 另外附上今年最佳问题： 孙甲松老师给了几行代码，说：”我这个代码编译没通过，你帮我看看是什么问题。。“
计算/AR - 现代计算机体系架构	计算/AR - 现代计算机体系架构/QUESTIONS.md	Q09	虚拟内存与 TLB	什么是虚拟内存？有哪些管理方式，怎样比较？TLB 起什么作用？	test/2012-面经_九字班2.pdf	0.591	regular	2012-面经_九字班2.pdf	定长指令和变长指令 中断、轮询和 DMA 虚拟内存的概念，虚拟内存的管理方式，哪一种比较好（TLB 神马的）
计算/AR - 现代计算机体系架构	计算/AR - 现代计算机体系架构/QUESTIONS.md	Q10	中断、轮询与 DMA	什么是中断，由谁引发，怎样处理？MIPS 与 x86 如何处理中断？	test/2018_面试整体情况.docx	0.579	regular	2018_面试整体情况.docx	7、数图：如何检测边缘？ 8、冯诺依曼体系架构和哈佛体系架构的区别？ 9、什么是中断？中断是由谁引发的？MIPS和X86各自是如何进行中断处理的？MIPS中的中断向量表里存储的是什么？数据大小多少？
计算/AR - 现代计算机体系架构	计算/AR - 现代计算机体系架构/QUESTIONS.md	Q10	中断、轮询与 DMA	什么是中断，由谁引发，怎样处理？MIPS 与 x86 如何处理中断？	test/2020-七字班推研面经-闫雯荻.docx	0.263	regular	2020-七字班推研面经-闫雯荻.docx	4. 对于CPU而言，内设的速度相对较快，外设的速度相对较慢，如何加快外设的速度？ 5. DMA是什么？（如果数逻老师没讲可以直接说没了解过） 6. 中断是什么？如何处理的？中断和程序有什么区别？
计算/AR - 现代计算机体系架构	计算/AR - 现代计算机体系架构/QUESTIONS.md	Q10	中断、轮询与 DMA	CPU 与外设速度相差很大时怎样提高效率？轮询、中断和 DMA 分别是什么，有何区别？	test/2012-面经_九字班1.pdf	0.419	regular	2012-面经_九字班1.pdf	散列的特点，散列与其他相比的效率，如何提高 debug 和 release 有什么区别，哪个效率高 中断轮询和 DMA
计算/AR - 现代计算机体系架构	计算/AR - 现代计算机体系架构/QUESTIONS.md	Q10	中断、轮询与 DMA	CPU 与外设速度相差很大时怎样提高效率？轮询、中断和 DMA 分别是什么，有何区别？	test/2012-面经_九字班2.pdf	0.29	regular	2012-面经_九字班2.pdf	递归哪个效率高 散列的特点，散列与其他相比的效率，如何提高 debug 和release 有什么区别，哪个效率高
计算/AR - 现代计算机体系架构	计算/AR - 现代计算机体系架构/QUESTIONS.md	Q10	中断、轮询与 DMA	CPU 与外设速度相差很大时怎样提高效率？轮询、中断和 DMA 分别是什么，有何区别？	test/2020-七字班推研面经-闫雯荻.docx	0.29	regular	2020-七字班推研面经-闫雯荻.docx	4. 对于CPU而言，内设的速度相对较快，外设的速度相对较慢，如何加快外设的速度？ 5. DMA是什么？（如果数逻老师没讲可以直接说没了解过） 6. 中断是什么？如何处理的？中断和程序有什么区别？
计算/AR - 现代计算机体系架构	计算/AR - 现代计算机体系架构/QUESTIONS.md	Q11	单处理器中的并发与硬件并行	操作系统怎样实现多个程序并行运行？单处理器能否支持并行执行，怎样实现？	test/2023-0字班推研面经-李响.pdf	0.926	regular	2023-0字班推研面经-李响.pdf	1. 操作系统是怎么实现多个程序并行运行的？ 2. 单处理器能否支持并行执行？ 3. 怎样实现？
计算/CP - 计算机程序设计基础	计算/CP - 计算机程序设计基础/QUESTIONS.md	Q01	头文件、函数声明与链接	`stdio.h` 里有什么？如果不写 `#include <stdio.h>` 却调用 `printf`，问题发生在编译还是链接？函数声明和定义有什么区别？	test/2009-推研资料.docx	0.559	regular	2009-推研资料.docx	一进去孙甲松老师发话了，“你学过C和C++吗？”我赶紧说学过啊。然后就开始他一个劲的折腾我了： 14.如果在代码头部没有写“include...”这句话，但是在代码中调用了该头文件的函数，会在编译还是链接的时候出问题？ 我：编译吧，会报错说该函数无定义。然后孙老师和我开始扯，最后结论是链接的时候会错，因为是没有申明该函数的前向定义。。。
计算/CP - 计算机程序设计基础	计算/CP - 计算机程序设计基础/QUESTIONS.md	Q01	头文件、函数声明与链接	`stdio.h` 里有什么？如果不写 `#include <stdio.h>` 却调用 `printf`，问题发生在编译还是链接？函数声明和定义有什么区别？	test/2012-面经_九字班2.pdf	0.5	regular	2012-面经_九字班2.pdf	stdio.h 里面到底是什么 如果在代码头部没有写“include...”这句话，但是在代码中调用了该头文件的函数，会 在编译还是链接的时候出问题？
计算/CP - 计算机程序设计基础	计算/CP - 计算机程序设计基础/QUESTIONS.md	Q02	基本类型、整数与浮点表示	C 语言有哪些基本数据类型和存储类型？	test/2014-一字班推研那点事儿（2）-宗泽宇.pdf	0.533	regular	2014-一字班推研那点事儿（2）-宗泽宇.pdf	8、static 9、C语言基本数据类型 10、C语言存储类型
计算/CP - 计算机程序设计基础	计算/CP - 计算机程序设计基础/QUESTIONS.md	Q02	基本类型、整数与浮点表示	同为 32 位的整数与浮点数，谁的有效数字更多，谁的动态范围更大？	test/2017-面试经验-陈誉博.docx	0.48	regular	2017-面试经验-陈誉博.docx	计算机组 一个32位的浮点数和一个32位的整型数，有效数字和动态范围哪个大？ 一开始我说有效数字浮点数大。老师说“是有效数字，不是动态范围”，我想了几秒之后马上反应过来，说32位浮点数的有效数字是7位，整型是9位（事实上应该是10位，不过不重要了），有效数字应该是整型数比较大。动态范围肯定是浮点数大。
计算/CP - 计算机程序设计基础	计算/CP - 计算机程序设计基础/QUESTIONS.md	Q03	`static`、存储期与链接	`static` 有什么作用？局部静态变量与文件作用域静态对象有什么区别？C++ 静态数据成员又是什么？	test/2014-一字班推研那点事儿（2）-宗泽宇.pdf	0.161	regular	2014-一字班推研那点事儿（2）-宗泽宇.pdf	嗯就是这样，下面进入正题，我们说说每个组的情况。为方便后人，我把问题单独列出来： 电路组 ： 1、阶跃电压信号加在RC串联电路上，电容上的波形是什么样的
计算/CP - 计算机程序设计基础	计算/CP - 计算机程序设计基础/QUESTIONS.md	Q03	`static`、存储期与链接	`static` 有什么作用？局部静态变量与文件作用域静态对象有什么区别？C++ 静态数据成员又是什么？	test/2016-推研面试经验分享_胡雨婷.pptx	0.387	regular	2016-推研面试经验分享_胡雨婷.pptx	Static的作用 声明静态外部变量，仅限本文件使用，不能被其他文件使用 声明静态局部变量，函数调用结束后不释放
计算/CP - 计算机程序设计基础	计算/CP - 计算机程序设计基础/QUESTIONS.md	Q04	Debug 与 Release	Debug 与 Release 有什么区别？为什么 Debug 正常而 Release 出错，或反过来？哪个运行更快？	test/2012-面经_九字班2.pdf	0.458	regular	2012-面经_九字班2.pdf	递归哪个效率高 散列的特点，散列与其他相比的效率，如何提高 debug 和release 有什么区别，哪个效率高
计算/CP - 计算机程序设计基础	计算/CP - 计算机程序设计基础/QUESTIONS.md	Q04	Debug 与 Release	Debug 与 Release 有什么区别？为什么 Debug 正常而 Release 出错，或反过来？哪个运行更快？	test/2020-七字班推研面经-2.docx	0.208	regular	2020-七字班推研面经-2.docx	电路相关：比如正弦波如何得到方波，方波如何得到（二倍频的）正弦波，奇数个反相器相连得到什么？周期和什么相关？ 数电/信号：如数字调制概念，减小噪声的原理等等；随后提问贝叶斯公式，最大似然，最大后验，哪种是无偏估计等，这时候ggg突然提问：如果我打开门看到一个东西长得很像狮子，但是我知道它不是狮子，而是一条狮子狗（？），这时候属于最大后验概率还是最大似然概率，我犹豫了会说最大后验，然后ggg失望的说这是先验。 计算机：debug和release差别，debug没报错releas
计算/CP - 计算机程序设计基础	计算/CP - 计算机程序设计基础/QUESTIONS.md	Q04	Debug 与 Release	Debug 与 Release 有什么区别？为什么 Debug 正常而 Release 出错，或反过来？哪个运行更快？	test/2024-一字班推研面经-zcy.docx	0.458	regular	2024-一字班推研面经-zcy.docx	Debug和Release有什么区别？如果Debug时没报错，Release时报错，可能是什么原因？ C语言中有哪些指针？ 我的计算机组问题基本都是课件和往年面经上出现过的内容，而且没有数算，只需正常复习即可。我的答案如下：
计算/CP - 计算机程序设计基础	计算/CP - 计算机程序设计基础/QUESTIONS.md	Q05	32 位与 64 位平台	32 位计算机和 64 位计算机有什么区别？为什么现代通用计算更多采用 64 位？	test/2024-一字班推研面经_高希钢.docx	0.583	regular	2024-一字班推研面经_高希钢.docx	不认识老师2：32位计算机和64位计算机有什么区别？ 他们的地址长度不一样 不认识老师2：那为什么现在我们用的更多是64位计算机呢？有什么好处啊？
计算/CP - 计算机程序设计基础	计算/CP - 计算机程序设计基础/QUESTIONS.md	Q06	中文字符编码与合法性	常见中文编码有哪些？中国大陆中文信息交换标准有哪些？怎样从字节序列判断它按某种编码是否合法？	test/2024-一字班推研面经-李羿璇.pdf	0.105	regular	2024-一字班推研面经-李羿璇.pdf	难） lyl：⻉叶斯⻆度看⽣成式模型和鉴别式模型都是什么？（⽣成式是先验，鉴别式是后验） 不认识⽼师：常⽤中⽂编码？（UTF / GB2312 / GBK）中国⼤陆官⽅中⽂编码是什么？（GB2312）怎么从⼆进制看是
计算/CP - 计算机程序设计基础	计算/CP - 计算机程序设计基础/QUESTIONS.md	Q07	数组、指针与二维数组	对 `int a[M][N]`，`a`、`a+1`、`*a`、`*a+1` 分别是什么？二维数组元素怎样用指针表达？数组名和指针是否完全相同？	test/2012-留下面经，造福众生-孟越.pdf	0.31	regular	2012-留下面经，造福众生-孟越.pdf	啊，您这一笑我就彻底毛了啊……吴老师看我也答不出来就又问等价关系的定义，不会，偏序关系定义，不会 ，全序关系，还是不会……随便扯了几句能想出来的也没答到正点儿上，吴老师估计也不忍心再折磨我了，就 把我交给黄永峰老师了。黄老师说给一个二维数组a[3][3]，问a是什么啊，a+1是什么啊，*a是什么啊，*a+1
计算/CP - 计算机程序设计基础	计算/CP - 计算机程序设计基础/QUESTIONS.md	Q07	数组、指针与二维数组	对 `int a[M][N]`，`a`、`a+1`、`*a`、`*a+1` 分别是什么？二维数组元素怎样用指针表达？数组名和指针是否完全相同？	test/2019-推研面经-2.docx	0.276	regular	2019-推研面经-2.docx	黄永峰老师也问了几个问题。 6、main函数可以带参数吗？参数的数据类型是什么？ 7、一维数组名和二维数组名有什么区别？
计算/CP - 计算机程序设计基础	计算/CP - 计算机程序设计基础/QUESTIONS.md	Q08	值、指针与引用传参	C/C++ 有哪些参数传递方式？值传递、传指针和传引用有什么区别？为什么 C++ 传引用有时效率更高？	test/2014-记一次人品大爆发-郭开元.pdf	0.406	regular	2014-记一次人品大爆发-郭开元.pdf	1.串串负反馈能构成什么放大电路？（一开始还答成跨阻了简直太丢人……） 2.放大器有哪些主要参数？（真是没看过，稍微蒙了几个……） 3.有一个时序电路，接了一个异步复位信号，但是有时候好使有时候不好使，是什么原因？怎么解决？（因为
计算/CP - 计算机程序设计基础	计算/CP - 计算机程序设计基础/QUESTIONS.md	Q08	值、指针与引用传参	C/C++ 有哪些参数传递方式？值传递、传指针和传引用有什么区别？为什么 C++ 传引用有时效率更高？	test/2019-推研面经-4.docx	0.312	regular	2019-推研面经-4.docx	信号组出来后，就开始了电路组的面试，当然我也是抱着电路自己什么也不会的心态。张沕琳老师很友好，首先问我BJT和MOSFET的各个端口的意思，跨导增益，如何增大跨导增益……接着问我NPN-BJT的两个N可不可以互换，MOS的两个N可不可以互换，一个MOS有几个PN结。接着徐淑正老师开始问我混频电路，虽然我上过通信电路实验，还做了混频这个模块，然而我真的是什么都不懂，徐老师人真的太好了，一点点从发射机到接收机引导我去回答，虽然我最终还是不知道混频电路哈哈。 计算机组 周盛老师首先
计算/CP - 计算机程序设计基础	计算/CP - 计算机程序设计基础/QUESTIONS.md	Q08	值、指针与引用传参	C/C++ 有哪些参数传递方式？值传递、传指针和传引用有什么区别？为什么 C++ 传引用有时效率更高？	test/2024-一字班推研面经-zcy.docx	0.5	regular	2024-一字班推研面经-zcy.docx	C和C++中有哪些传值方式？它们有什么区别？ Debug和Release有什么区别？如果Debug时没报错，Release时报错，可能是什么原因？ C语言中有哪些指针？
计算/CP - 计算机程序设计基础	计算/CP - 计算机程序设计基础/QUESTIONS.md	Q09	递归、调用栈与迭代转换	递归为什么可能失败或栈溢出？递归与栈有什么关系？递归程序能否改成循环？	test/2017-面试经验-陈誉博.docx	0.536	regular	2017-面试经验-陈誉博.docx	（我哪知道什么原因，扯吧）我觉得对于递归程序的话最常见的原因就是栈溢出，栈溢出的原因可能是结束条件没写或者写的不对。 那递归程序能够转化成循环吗？ 有的递归程序能得到数学表达式，可以直接改成循环；有的不能的话可以定义显式的栈，把断点保存下来之后就继续循环。
计算/CP - 计算机程序设计基础	计算/CP - 计算机程序设计基础/QUESTIONS.md	Q09	递归、调用栈与迭代转换	递归为什么可能失败或栈溢出？递归与栈有什么关系？递归程序能否改成循环？	test/2020-七字班推研面经-2.docx	0.143	regular	2020-七字班推研面经-2.docx	电路相关：比如正弦波如何得到方波，方波如何得到（二倍频的）正弦波，奇数个反相器相连得到什么？周期和什么相关？ 数电/信号：如数字调制概念，减小噪声的原理等等；随后提问贝叶斯公式，最大似然，最大后验，哪种是无偏估计等，这时候ggg突然提问：如果我打开门看到一个东西长得很像狮子，但是我知道它不是狮子，而是一条狮子狗（？），这时候属于最大后验概率还是最大似然概率，我犹豫了会说最大后验，然后ggg失望的说这是先验。 计算机：debug和release差别，debug没报错releas
计算/CP - 计算机程序设计基础	计算/CP - 计算机程序设计基础/QUESTIONS.md	Q09	递归、调用栈与迭代转换	能否修改系统的栈空间大小？怎样修改？	test/2017-面试经验-陈誉博.docx	0.857	regular	2017-面试经验-陈誉博.docx	你觉得能否修改系统的栈空间大小？你改过吗？ 我有点懵，说的是应该可以通过编译器的设置改变允许的栈大小，不过我自己没改过。 对于一个计算机，我在键盘上按下了一个按键，接下来计算机中的整个过程是怎样的？
计算/CP - 计算机程序设计基础	计算/CP - 计算机程序设计基础/QUESTIONS.md	Q10	文本文件与二进制文件	文本文件和二进制文件有什么区别？编程时怎样选择？	test/2017-面试经验-陈誉博.docx	0.75	regular	2017-面试经验-陈誉博.docx	一个32位的浮点数和一个32位的整型数，有效数字和动态范围哪个大？ 一开始我说有效数字浮点数大。老师说“是有效数字，不是动态范围”，我想了几秒之后马上反应过来，说32位浮点数的有效数字是7位，整型是9位（事实上应该是10位，不过不重要了），有效数字应该是整型数比较大。动态范围肯定是浮点数大。 二进制文件和文本文件有什么区别？在编程的时候怎么选择这两种文件？
计算/CP - 计算机程序设计基础	计算/CP - 计算机程序设计基础/QUESTIONS.md	Q11	Verilog 与 C 的执行模型	Verilog 和 C 有什么区别？	test/2020-七字班推研面经-潘美竹.docx	1.0	regular	2020-七字班推研面经-潘美竹.docx	CMOS是什么？它的功耗来源？ 学过通信电路吗 Verilog和C有什么区别？
计算/CP - 计算机程序设计基础	计算/CP - 计算机程序设计基础/QUESTIONS.md	Q12	函数重载与重载决议	C++ 函数重载是什么意思？编译器根据参数表还是返回值决定调用哪个重载？	test/2013-面试经历小结-黄博.pdf	0.862	regular	2013-面试经历小结-黄博.pdf	器。然后又说可以用回溯法搜索。白老师问复杂度怎么样，我说因为可能舍弃决策树的某些分支所以复杂度不 好估计，但应该是指数级的。于是又问有没有更快的方法，我说我实在想不出来了。这时马洪兵老师伸出了援 手，问我C++函数重载是什么意思，编译的时候怎么确定调用哪个函数，是根据参数表还是返回值。说完时间
计算/CP - 计算机程序设计基础	计算/CP - 计算机程序设计基础/QUESTIONS.md	Q13	构造函数与析构函数能否重载	构造函数能否重载？析构函数能否重载？为什么？	test/2009-推研资料.docx	0.846	regular	2009-推研资料.docx	15.函数重载什么意思？如何实现重载？ 我说函数名相同，如果函数的形参类型和个数不同，或者有const关键字，就可以实现重载。然后老师问： 16.构造函数可否重载？析构函数呢？
计算/CP - 计算机程序设计基础	计算/CP - 计算机程序设计基础/QUESTIONS.md	Q13	构造函数与析构函数能否重载	构造函数能否重载？析构函数能否重载？为什么？	test/2012-面经_九字班2.pdf	0.846	regular	2012-面经_九字班2.pdf	我说函数名相同，如果函数的形参类型和个数不同，或者有 const 关键字，就可以实现重 载。然后老师问： 16.构造函数可否重载？析构函数呢？
计算/CP - 计算机程序设计基础	计算/CP - 计算机程序设计基础/QUESTIONS.md	Q14	封装、继承与多态	C++ 的抽象、封装、继承和多态分别是什么？静态多态与动态多态有什么区别？	test/2016-推研面试经验分享_胡雨婷.pptx	0.6	regular	2016-推研面试经验分享_胡雨婷.pptx	C++：抽象、封装、继承、多态 什么叫多态 静态多态（编译时多态性）：函数重载
计算/CP - 计算机程序设计基础	计算/CP - 计算机程序设计基础/QUESTIONS.md	Q15	虚函数、纯虚函数与抽象类	什么是虚函数，它与函数重载有什么区别？什么是纯虚函数和抽象类？抽象类能否实例化，能否定义指针？	test/2009-推研资料.docx	0.5	regular	2009-推研资料.docx	16.构造函数可否重载？析构函数呢？ 我说构造函数可以，因为可以有形参；析构函数不可以，因为没有形参。。。跟绕口令似的，不过看见孙老师点了点头。 17.虚函数是什么？虚函数和函数重载有什么区别？
计算/CP - 计算机程序设计基础	计算/CP - 计算机程序设计基础/QUESTIONS.md	Q15	虚函数、纯虚函数与抽象类	什么是虚函数，它与函数重载有什么区别？什么是纯虚函数和抽象类？抽象类能否实例化，能否定义指针？	test/2012-面经_九字班2.pdf	0.406	regular	2012-面经_九字班2.pdf	我说构造函数可以，因为可以有形参；析构函数不可以，因为没有形参。。。跟绕口令似 的，不过看见孙老师点了点头。 17.虚函数是什么？虚函数和函数重载有什么区别？
计算/CP - 计算机程序设计基础	计算/CP - 计算机程序设计基础/QUESTIONS.md	Q15	虚函数、纯虚函数与抽象类	什么是虚函数，它与函数重载有什么区别？什么是纯虚函数和抽象类？抽象类能否实例化，能否定义指针？	test/2018_面试整体情况.docx	0.5	regular	2018_面试整体情况.docx	4、C++：类模板有什么作用？编译时发生了什么？ 5、函数模板和函数有什么区别？ 6、虚函数是什么？有什么作用？纯虚函数呢？纯虚函数形成的类叫什么？它有什么特殊的性质？（抽象类，不能实例化）抽象类可以定义指针吗？
计算/CP - 计算机程序设计基础	计算/CP - 计算机程序设计基础/QUESTIONS.md	Q15	虚函数、纯虚函数与抽象类	什么是抽象类？	test/2023-0字班推研面经-李响.pdf	0.8	regular	2023-0字班推研面经-李响.pdf	6.RNN 中是否都有门控？ 7.LSTM 是什么？ 8. 抽象类是什么？
计算/CP - 计算机程序设计基础	计算/CP - 计算机程序设计基础/QUESTIONS.md	Q16	运算符重载的目的与限制	为什么要重载运算符？为什么有些运算符不能重载？哪些基本规则不能改变？	test/2022-九字班推研面经-1.docx	0.625	regular	2022-九字班推研面经-1.docx	glgg：所幸glgg没问通电的问题，而是问了好多ADC相关的问题（简历相关，我在简历里重点讲了自己做过ADC相关的大作业和实习，这也是个小技巧，可以通过简历和自我介绍引导老师提问自己的主攻方向） ggg就问了一个问题：能否从系统的角度分析一下ADC采样率和bit数的折衷？（简历相关，我一开始一头雾水，后来想了想就解释了一下Warden FoM） sjs真的是好人啊（赞叹）：为什么要重载运算符？为什么有些运算符不能重载？128人打淘汰赛，一共要多少场比赛才能决出冠军？
计算/CP - 计算机程序设计基础	计算/CP - 计算机程序设计基础/QUESTIONS.md	Q17	友元函数与私有成员	OOP 中友元函数能否访问类的私有成员？友元关系有什么边界？	test/2024-一字班推研面经-吴凌沨.pdf	0.609	regular	2024-一字班推研面经-吴凌沨.pdf	2. 知道 Diffusion 吗？ 3. 怎么设计⼀个激活函数？ 4. 有哪个印象深刻的⼤作业吗？OOP 中友元函数能访问私有成员吗？
计算/CP - 计算机程序设计基础	计算/CP - 计算机程序设计基础/QUESTIONS.md	Q18	函数模板与类模板	类模板有什么作用？编译时发生什么？函数模板和普通函数有什么区别？	test/2018_面试整体情况.docx	0.826	regular	2018_面试整体情况.docx	3、媒体： 4、C++：类模板有什么作用？编译时发生了什么？ 5、函数模板和函数有什么区别？
计算/CP - 计算机程序设计基础	计算/CP - 计算机程序设计基础/QUESTIONS.md	Q19	Python 与 C++	Python 和 C++ 有什么不同？编译器与解释器在两者中分别怎样工作？	test/2021-八字班推研面经-涂晨昕.docx	0.542	regular	2021-八字班推研面经-涂晨昕.docx	看你在旷视实习，用的是什么语言——Python Python和C++有什么不同——编译器、解释器 Python里的list和tuple有什么区别，哪个效率更高？——当时答得是“list可修改；tuple不可修改。关于效率我了解得不清楚；但是就我使用的情况来看，python的list更灵活，而tuple一般用于保护数据”（后来想想应该是tuple效率更高）
计算/CP - 计算机程序设计基础	计算/CP - 计算机程序设计基础/QUESTIONS.md	Q20	Python `list` 与 `tuple`	Python 的 `list` 和 `tuple` 有什么区别？哪个效率更高？	test/2021-八字班推研面经-涂晨昕.docx	1.0	regular	2021-八字班推研面经-涂晨昕.docx	看你在旷视实习，用的是什么语言——Python Python和C++有什么不同——编译器、解释器 Python里的list和tuple有什么区别，哪个效率更高？——当时答得是“list可修改；tuple不可修改。关于效率我了解得不清楚；但是就我使用的情况来看，python的list更灵活，而tuple一般用于保护数据”（后来想想应该是tuple效率更高）
计算/DA - 数据与算法	计算/DA - 数据与算法/QUESTIONS.md	Q01	算法正确性与复杂度	判断一个算法正确的标准是什么？怎样证明正确性？怎样分析时间和空间复杂度？实时计算采样信号直流分量时，随着累计样本数 $N$ 增大，每次更新的复杂度是否必须增加？	test/2012-面经_九字班2.pdf	0.469	regular	2012-面经_九字班2.pdf	域受限的滤波器具有什么特点？我说时域无限啊，这才想到了会导致时域上的非因果性。 对一个连续信号进行抽样， 想设计一个实时计算信号直流分量的电路， 请问随着采样点N 增 多，时间复杂度怎么变化？
计算/DA - 数据与算法	计算/DA - 数据与算法/QUESTIONS.md	Q02	递归与循环转换	递归函数能否改成循环？怎样改？	test/2017-面试经验-陈誉博.docx	0.75	regular	2017-面试经验-陈誉博.docx	那你就给一个结论吧，递归函数能不能改成循环？ 我想了想，说了能。 你觉得能否修改系统的栈空间大小？你改过吗？
计算/DA - 数据与算法	计算/DA - 数据与算法/QUESTIONS.md	Q03	动态规划、贪心与回溯	动态规划、贪心和回溯分别怎样工作，适合什么问题？	test/2016-推研面试经验分享_胡雨婷.pptx	0.4	regular	2016-推研面试经验分享_胡雨婷.pptx	动态规划 贪心算法 回溯法
计算/DA - 数据与算法	计算/DA - 数据与算法/QUESTIONS.md	Q04	异构机器上的作业分配	$N$ 个工作量不同的作业怎样分配给 $N$ 台速度不同的计算机，使总执行时间最短？复杂度如何，还能否更快？	test/2013-面试经历小结-黄博.pdf	0.789	regular	2013-面试经历小结-黄博.pdf	所以问题很灵活。问我的是N个工作量不同的作业如何分配给N台速度不同的计算机使得总执行时间最短。我 首先想到的是动态规划，但是具体怎么做没想明白。于是就先说了一个贪心算法，把最难的任务交给最快的机 器。然后又说可以用回溯法搜索。白老师问复杂度怎么样，我说因为可能舍弃决策树的某些分支所以复杂度不
计算/DA - 数据与算法	计算/DA - 数据与算法/QUESTIONS.md	Q05	连续子数组最大和	给定实数数组，怎样找和最大的连续子数组？复杂度是多少？如果数组全为负数应怎样处理？	test/2025-二字班推研面经-ljh.docx	0.424	regular	2025-二字班推研面经-ljh.docx	不认识老师：那我问你dsp，如果我们采样1000个点，但是现在我的采样频率改变了delta，采样点变成996，997怎么办？（我也不知道咋办，答了个上采样下采样就到时间了） 3.计算机组 不认识老师：算法问题，我有一个实数数组，现在我需要求出此数组中连续一段子数组，使得这段的和最大，我没刷过这道题，所以就只回答了最暴力算法，时间复杂度一开始还说错了，高达n^2logn，差点把自己都气笑了（
计算/DA - 数据与算法	计算/DA - 数据与算法/QUESTIONS.md	Q06	KMP 字符串匹配	字符串匹配有哪些算法？BF 与 KMP 的复杂度分别是多少？KMP 怎样预处理最长公共前后缀，失配时下标怎样移动？	test/2025-二字班推研面经-ljh.docx	0.634	regular	2025-二字班推研面经-ljh.docx	3.计算机组 不认识老师：算法问题，我有一个实数数组，现在我需要求出此数组中连续一段子数组，使得这段的和最大，我没刷过这道题，所以就只回答了最暴力算法，时间复杂度一开始还说错了，高达n^2logn，差点把自己都气笑了（ 冯伟老师：字符串匹配有哪些算法，我说BF和KMP，没来得及说Horse什么那个算法，然后就问了时间复杂度，并让我解释一下算法执行过程，我说最长公共前后缀，但是老师貌似不太满意，还要让我说到i失配了怎么办，我忘了next数组的名字，就只说了利用预处理的数组，然后
计算/DA - 数据与算法	计算/DA - 数据与算法/QUESTIONS.md	Q07	用数字电路实现字符串匹配	怎样用数字电路实现字符串匹配？	test/2020-七字班推研面经-潘美竹.docx	0.615	regular	2020-七字班推研面经-潘美竹.docx	怎么实现二倍频？ FPGA是怎么实现编程功能？ 如何实现数字电路进行字符串匹配？
计算/DA - 数据与算法	计算/DA - 数据与算法/QUESTIONS.md	Q08	散列表与冲突处理	散列有什么特点？与其他查找结构相比效率怎样，怎样提高？	test/2012-面经_九字班2.pdf	0.5	regular	2012-面经_九字班2.pdf	散列的特点，散列与其他相比的效率，如何提高 debug 和release 有什么区别，哪个效率高 数据结构问了最短路径算法
计算/DA - 数据与算法	计算/DA - 数据与算法/QUESTIONS.md	Q09	链表类型、删除、反转与环检测	单链表、双链表和循环链表有什么区别？单链表与双链表怎样删除元素？怎样反转链表？怎样判断链表有环？	test/2024-一字班推研面经_高希钢.docx	0.567	regular	2024-一字班推研面经_高希钢.docx	张卫强：单链表和双链表要删除元素应该怎么操作啊？ 先搜索，搜到了之后先把原本的指针断开，然后再重新连上（大概这个意思），双向的话同理，只是需要操作的指针数更多一些 张卫强：对于一个循环链表，怎么判断它是个循环的呀？
计算/DA - 数据与算法	计算/DA - 数据与算法/QUESTIONS.md	Q09	链表类型、删除、反转与环检测	单链表、双链表和循环链表有什么区别？单链表与双链表怎样删除元素？怎样反转链表？怎样判断链表有环？	test/2024-一字班推研面经-高思研.pdf	0.2	regular	2024-一字班推研面经-高思研.pdf	由于我是综面最后一组，计算机组前面排队的人太多了，因此我成为了最后一个面试的同学，这也可能 是我的问题比较简单的原因。 zwq 上来先问链表的种类，如何反转链表，单向链表和双向链表的优缺 点。然后  mhb 问了冒险的类型，然后又进一步问了一些冒险相关的。接着  zc 问了什么是过拟合以及缓
计算/DA - 数据与算法	计算/DA - 数据与算法/QUESTIONS.md	Q10	完全二叉树的叶子数	有 1000 个节点的完全二叉树有多少个叶子节点？为什么？	test/2012-面经_九字班1.pdf	1.0	regular	2012-面经_九字班1.pdf	截至频率 5k,一 6k 小信号会不会失真？大信号呢? 三极管的输入曲线，输出曲线，各个区的特点 有 1000 个节点的完全二叉树有多少个叶子节点？为什么?
计算/DA - 数据与算法	计算/DA - 数据与算法/QUESTIONS.md	Q10	完全二叉树的叶子数	有 1000 个节点的完全二叉树有多少个叶子节点？为什么？	test/2012-面经_九字班2.pdf	1.0	regular	2012-面经_九字班2.pdf	高斯消元法、队列、最基本的二叉树或者图 循环和递归转化 有 1000 个节点的完全二叉树有多少个叶子节点？为什么?
计算/DA - 数据与算法	计算/DA - 数据与算法/QUESTIONS.md	Q11	最短路径算法的选择	图的最短路径有哪些算法？它们分别适用于什么权值和查询场景？	test/2012-面经_九字班2.pdf	0.462	regular	2012-面经_九字班2.pdf	散列的特点，散列与其他相比的效率，如何提高 debug 和release 有什么区别，哪个效率高 数据结构问了最短路径算法
计算/DA - 数据与算法	计算/DA - 数据与算法/QUESTIONS.md	Q12	最少公交换乘路线	已知全部公交线路与站点，怎样求从清华到天安门换乘次数最少的路线？如果还要兼顾站数或时间，图应怎样建模？	test/2025-二字班推研面经-wj.pdf	0.489	regular	2025-二字班推研面经-wj.pdf	冯伟：假设我们现在要坐公交车从清华到天安门，并且已知北京市所有的公交线路图，我想找出一条换乘次数 最少的路线，应该怎么找呀？（ bsgm ，上来就给我算法题吗） 我：我们可以这样建一个分层图，在这个图中，同一条公交线路上的相邻站点之间连边，边权为 0 ， ……
计算/DA - 数据与算法	计算/DA - 数据与算法/QUESTIONS.md	Q13	无损压缩与不可压缩数据	WinRAR 一类软件为什么能压缩文件？所有文件都能继续压缩吗？	test/2009-推研资料.docx	0.381	regular	2009-推研资料.docx	听说计算机组还有被问到winRAR的原理、苹果为什么被咬了一口的，也有被问高斯消元法、队列、最基本的二叉树或者图blabla的 孙甲松老师会围绕C++的问题问你，很可能都是你平时用不到的概念，这个要真的复习一下。 当我把孙老师所有问题瞬间秒杀掉之后，场面比较冷清。这时候，关键人物——吴及老师出场了！他当时的原话我还记得“还有一分钟，我来问吧”，于是用了一个循环和递归转化的问题，把我按住了。我扯了一会递归的知识，然后他是这样评价的“你是上我课的学生吧？我记得你，你上课总坐第一排
计算/DA - 数据与算法	计算/DA - 数据与算法/QUESTIONS.md	Q13	无损压缩与不可压缩数据	WinRAR 一类软件为什么能压缩文件？所有文件都能继续压缩吗？	test/2012-罗华&周宇男面经.pdf	0.381	regular	2012-罗华&周宇男面经.pdf	理解；但是数据结构应该做到非常详尽细致地复习。此外，据说我那一年，所有遇到吴及老师问问题的同学， 基本都被拍住了。。。所以RP很重要！ 听说计算机组还有被问到winRAR的原理、苹果为什么被咬了一口的，也有被问高斯消元法、队列、最基本的
计算/DA - 数据与算法	计算/DA - 数据与算法/QUESTIONS.md	Q14	不规则图形面积的数值估计	怎样设计程序测量不规则几何形状的面积？	test/2012-面经_九字班2.pdf	0.765	regular	2012-面经_九字班2.pdf	【数据与算法】 判断一个算法的正确性的标准是什么 设计一个算法测量不规则几何形状的面积
计算/DA - 数据与算法	计算/DA - 数据与算法/QUESTIONS.md	Q15	排序算法与线性时间边界	了解哪些排序算法？是否有时间复杂度低于 $O(n\log n)$ 的排序？为什么这不与比较排序下界矛盾？	test/2021-八字班推研面经-贾文彬.docx	0.281	regular	2021-八字班推研面经-贾文彬.docx	你刚才提到了继承，说一下什么是继承？ 对排序算法有什么了解？ 除了你刚才说的这些低复杂度排序算法，还有没有复杂度更低的排序算法？
计算/DA - 数据与算法	计算/DA - 数据与算法/QUESTIONS.md	Q16	单败淘汰赛的场数	128 人打单败淘汰赛，一共需要多少场才能决出冠军？若人数不是 2 的幂，结论是否变化？	test/2022-九字班推研面经-1.docx	0.471	regular	2022-九字班推研面经-1.docx	glgg：所幸glgg没问通电的问题，而是问了好多ADC相关的问题（简历相关，我在简历里重点讲了自己做过ADC相关的大作业和实习，这也是个小技巧，可以通过简历和自我介绍引导老师提问自己的主攻方向） ggg就问了一个问题：能否从系统的角度分析一下ADC采样率和bit数的折衷？（简历相关，我一开始一头雾水，后来想了想就解释了一下Warden FoM） sjs真的是好人啊（赞叹）：为什么要重载运算符？为什么有些运算符不能重载？128人打淘汰赛，一共要多少场比赛才能决出冠军？
计算/DA - 数据与算法	计算/DA - 数据与算法/QUESTIONS.md	Q17	Top-K 与中位数选择	不允许直接朴素排序时，怎样找前 $K$ 个数？怎样找大小居中的一个数？	test/2024-一字班推研面经-李羿璇.pdf	0.261	regular	2024-一字班推研面经-李羿璇.pdf	不认识⽼师：常⽤中⽂编码？（UTF / GB2312 / GBK）中国⼤陆官⽅中⽂编码是什么？（GB2312）怎么从⼆进制看是 不是中⽂编码？（不知道） zwq：如何找前 K 个数？（堆排序）如何找⼤⼩中间的⼀个数？（快排，每次只排多的那⼀边）都不能直接⽤ naive 排
计算/MC - 媒体与认知	计算/MC - 媒体与认知/QUESTIONS.md	Q01	监督学习、无监督学习与自监督学习	什么是监督学习和无监督学习？机器学习有哪些类别？	test/2024-一字班推研面经-yj自行整理.zip	0.529	zip-interview	2024-一字班推研面经-yj自行整理.zip::面经-yj自行整理/markdown/推研面经2024.md	7.什么是监督学习？什么是无监督学习？ 8.GPT是有监督还是无监督？（我答的生成式预训练无监督，精调有监督） 9.生成式预训练的方式有哪些？（后来想到有自注意力机制，但别的不懂啊）
计算/MC - 媒体与认知	计算/MC - 媒体与认知/QUESTIONS.md	Q01	监督学习、无监督学习与自监督学习	什么是监督学习和无监督学习？机器学习有哪些类别？	test/2025-二字班推研面经-ljh.docx	0.706	regular	2025-二字班推研面经-ljh.docx	plr老师：问我机器学习有哪些分类，我说无监督学习和有监督学习，又问了有哪些无监督学习，之后我说了K-means和特征降维，然后她说这是传统算法，问我深度学习里有哪些无监督，我说了GPT的生成式预训练，但是貌似解释这个的时候有点解释错了，最后就到时间了 4.电磁场和固体物理组 不认识老师：什么是格波？长波极限的声学波代表什么？光学波和声学波是什么关系？德拜理论是为了研究晶体的什么性质？他随温度怎么变化？
计算/MC - 媒体与认知	计算/MC - 媒体与认知/QUESTIONS.md	Q02	GPT 的学习范式与生成式预训练	GPT 是有监督还是无监督？深度学习中有哪些无监督学习方法？生成式预训练的方式有哪些？	test/2024-一字班推研面经-yj自行整理.zip	0.7	zip-interview	2024-一字班推研面经-yj自行整理.zip::面经-yj自行整理/markdown/推研面经2024.md	7.什么是监督学习？什么是无监督学习？ 8.GPT是有监督还是无监督？（我答的生成式预训练无监督，精调有监督） 9.生成式预训练的方式有哪些？（后来想到有自注意力机制，但别的不懂啊）
计算/MC - 媒体与认知	计算/MC - 媒体与认知/QUESTIONS.md	Q02	GPT 的学习范式与生成式预训练	GPT 是有监督还是无监督？深度学习中有哪些无监督学习方法？生成式预训练的方式有哪些？	test/2025-二字班推研面经-ljh.docx	0.633	regular	2025-二字班推研面经-ljh.docx	不认识老师：算法问题，我有一个实数数组，现在我需要求出此数组中连续一段子数组，使得这段的和最大，我没刷过这道题，所以就只回答了最暴力算法，时间复杂度一开始还说错了，高达n^2logn，差点把自己都气笑了（ 冯伟老师：字符串匹配有哪些算法，我说BF和KMP，没来得及说Horse什么那个算法，然后就问了时间复杂度，并让我解释一下算法执行过程，我说最长公共前后缀，但是老师貌似不太满意，还要让我说到i失配了怎么办，我忘了next数组的名字，就只说了利用预处理的数组，然后我举了个例子来
计算/MC - 媒体与认知	计算/MC - 媒体与认知/QUESTIONS.md	Q03	典型无监督算法	典型的无监督算法有哪些？	test/2023-0字班推研面经-1.pdf	1.0	regular	2023-0字班推研面经-1.pdf	了，就让我过了） 第三个老师（段岳圻）： 与其他老师的不同点在于问了一些项目上的问题，然后问我典型的无监督算法有哪些（聚类之
计算/MC - 媒体与认知	计算/MC - 媒体与认知/QUESTIONS.md	Q03	典型无监督算法	典型的无监督算法有哪些？	test/2025-二字班推研面经-ljh.docx	0.5	regular	2025-二字班推研面经-ljh.docx	不认识老师：算法问题，我有一个实数数组，现在我需要求出此数组中连续一段子数组，使得这段的和最大，我没刷过这道题，所以就只回答了最暴力算法，时间复杂度一开始还说错了，高达n^2logn，差点把自己都气笑了（ 冯伟老师：字符串匹配有哪些算法，我说BF和KMP，没来得及说Horse什么那个算法，然后就问了时间复杂度，并让我解释一下算法执行过程，我说最长公共前后缀，但是老师貌似不太满意，还要让我说到i失配了怎么办，我忘了next数组的名字，就只说了利用预处理的数组，然后我举了个例子来
计算/MC - 媒体与认知	计算/MC - 媒体与认知/QUESTIONS.md	Q04	特征降维	如何进行特征降维？	test/2018_面试整体情况.docx	1.0	regular	2018_面试整体情况.docx	10、ROM和RAM各自是什么？ 11、媒体：（问到了神经网络相关的东西） 12、如何进行特征降维？
计算/MC - 媒体与认知	计算/MC - 媒体与认知/QUESTIONS.md	Q04	特征降维	讲一讲 PCA。	test/2019-推研面经-1.docx	1.0	regular	2019-推研面经-1.docx	有没有虚析构函数 复制构造函数 讲一讲PCA
计算/MC - 媒体与认知	计算/MC - 媒体与认知/QUESTIONS.md	Q05	过拟合及其缓解	什么是过拟合？训练时有什么表现？怎样缓解？	test/2024-一字班推研面经-yj自行整理.zip	0.5	zip-interview	2024-一字班推研面经-yj自行整理.zip::面经-yj自行整理/markdown/推研面经2024.md	3.立即数有什么用？ 然后开始问媒认相关： 4.什么是过拟合？
计算/MC - 媒体与认知	计算/MC - 媒体与认知/QUESTIONS.md	Q05	过拟合及其缓解	什么是过拟合？训练时有什么表现？怎样缓解？	test/2024-一字班推研面经-zcy.docx	0.438	regular	2024-一字班推研面经-zcy.docx	什么是过拟合？怎么解决？ RNN和Transformer的区别？ C和C++中有哪些传值方式？它们有什么区别？
计算/MC - 媒体与认知	计算/MC - 媒体与认知/QUESTIONS.md	Q05	过拟合及其缓解	什么是过拟合？训练时有什么表现？怎样缓解？	test/2024-一字班推研面经-李羿璇.pdf	0.375	regular	2024-一字班推研面经-李羿璇.pdf	mhb：为什么不实现减法器？（补码）补码⽐原码的优势？（运算封闭？可以直接加？不知道）反码有什么应⽤？ （？） zc：过拟合是什么？（训练变好测试变坏）怎么缓解过拟合？（注意⼀般认为 Batch Normalization 不能缓解过拟合，
计算/MC - 媒体与认知	计算/MC - 媒体与认知/QUESTIONS.md	Q05	过拟合及其缓解	什么是过拟合？训练时有什么表现？怎样缓解？	test/2024-一字班推研面经_高希钢.docx	0.562	regular	2024-一字班推研面经_高希钢.docx	张超（图信所）：知道过拟合是什么吗？ 过拟合经常出现在一些比较大的模型上，它是指模型学习到了一些训练集本身的非本质特征。比如一个加噪声的二次函数，我们去拟合的时候应该得到一条抛物线，但发生过拟合时它就可能被拟合成一个多次函数。 张超：那它在训练的时候有什么表现呀？
计算/MC - 媒体与认知	计算/MC - 媒体与认知/QUESTIONS.md	Q05	过拟合及其缓解	什么是过拟合？训练时有什么表现？怎样缓解？	test/2024-一字班推研面经-高思研.pdf	0.375	regular	2024-一字班推研面经-高思研.pdf	是我的问题比较简单的原因。 zwq 上来先问链表的种类，如何反转链表，单向链表和双向链表的优缺 点。然后  mhb 问了冒险的类型，然后又进一步问了一些冒险相关的。接着  zc 问了什么是过拟合以及缓 解措施，最后  lyl 问了精确率和召回率是什么。
计算/MC - 媒体与认知	计算/MC - 媒体与认知/QUESTIONS.md	Q06	$L_1$ 与 $L_2$ 正则化	$L_1$ 和 $L_2$ 正则化分别是什么？怎样理解它们的几何意义和结果差异？能否一起使用？	test/2024-一字班推研面经-yj自行整理.zip	0.3	zip-interview	2024-一字班推研面经-yj自行整理.zip::面经-yj自行整理/markdown/推研面经2024.md	8.简述一下什么是电极化矢量？（建议电磁场好好看看一些物理量是怎么定义和推导的） 郝志彪老师问：9.微波炉为什么能加热？（我：.......电磁波有能量？.......内心os：真不会啊。。。） 10.那一张纸能不能加热？一杯水能不能加热？它俩的区别是什么？（开始瞎扯：介电常数不同.......)
计算/MC - 媒体与认知	计算/MC - 媒体与认知/QUESTIONS.md	Q06	$L_1$ 与 $L_2$ 正则化	$L_1$ 和 $L_2$ 正则化分别是什么？怎样理解它们的几何意义和结果差异？能否一起使用？	test/2024-一字班推研面经-李羿璇.pdf	0.4	regular	2024-一字班推研面经-李羿璇.pdf	（？） zc：过拟合是什么？（训练变好测试变坏）怎么缓解过拟合？（注意⼀般认为 Batch Normalization 不能缓解过拟合， 媒认课件写得不太对）L1 和 L2 正则化分别是什么？（绝对值和 / 平⽅和）怎么理解？（圆形的解空间，较⼩的解；⽅
计算/MC - 媒体与认知	计算/MC - 媒体与认知/QUESTIONS.md	Q06	$L_1$ 与 $L_2$ 正则化	$L_1$ 和 $L_2$ 正则化分别是什么？怎样理解它们的几何意义和结果差异？能否一起使用？	test/2024-一字班推研面经_高希钢.docx	0.367	regular	2024-一字班推研面经_高希钢.docx	张超：L1是直接相加吗？ 是（其实应该是取绝对值相加） 张超：那这两种正则化的结果有什么差异呀？
计算/MC - 媒体与认知	计算/MC - 媒体与认知/QUESTIONS.md	Q07	生成式模型与鉴别式模型	从 Bayesian 角度看，生成式模型和鉴别式模型分别是什么？	test/2024-一字班推研面经-李羿璇.pdf	0.667	regular	2024-一字班推研面经-李羿璇.pdf	形的解空间，较稀疏的解）能不能⼀起⽤？（⽤是肯定可以，但是加起来⼀起⽤通常效果不好，⼜要稀疏⼜要⼩很困 难） lyl：⻉叶斯⻆度看⽣成式模型和鉴别式模型都是什么？（⽣成式是先验，鉴别式是后验）
计算/MC - 媒体与认知	计算/MC - 媒体与认知/QUESTIONS.md	Q08	精确率与召回率	Precision 和 Recall 分别是什么？	test/2024-一字班推研面经-高思研.pdf	0.286	regular	2024-一字班推研面经-高思研.pdf	这是我最寄的一个组，一上来  fx 问我能带是怎么形成的，我突然就有点蒙，然后瞎说了一通也没说到点 上。然后说问布里渊区边界的能隙是怎么形成的，这时我还是很蒙，实际是会一点的，但是不知道说 啥。估计是看到我两个问题都不会，就开始问简单的问题，硅是什么结构，硅的晶胞有几个原子。我最
计算/MC - 媒体与认知	计算/MC - 媒体与认知/QUESTIONS.md	Q09	神经网络压缩	有哪些减少神经网络参数量的方法？	test/2023-0字班推研面经-1.pdf	0.786	regular	2023-0字班推研面经-1.pdf	第三个老师（段岳圻）： 与其他老师的不同点在于问了一些项目上的问题，然后问我典型的无监督算法有哪些（聚类之 类的），有哪些缩减神经网络参数量的方法（蒸馏、架构设计、剪枝量化等）（严格地来说这
计算/MC - 媒体与认知	计算/MC - 媒体与认知/QUESTIONS.md	Q10	梯度消失	神经网络中出现梯度消失问题，该怎么解决？	test/2023-0字班推研面经-李响.pdf	1.0	regular	2023-0字班推研面经-李响.pdf	2. 单处理器能否支持并行执行？ 3. 怎样实现？ 4. 神经网络中出现梯度消失问题，该怎么解决？
计算/MC - 媒体与认知	计算/MC - 媒体与认知/QUESTIONS.md	Q11	激活函数的设计	怎样设计一个激活函数？	test/2024-一字班推研面经-吴凌沨.pdf	0.556	regular	2024-一字班推研面经-吴凌沨.pdf	1. 知道 Transformer 吗？⾃注意⼒机制有哪些变量啊？怎么算的？ 2. 知道 Diffusion 吗？ 3. 怎么设计⼀个激活函数？
计算/MC - 媒体与认知	计算/MC - 媒体与认知/QUESTIONS.md	Q12	图像边缘检测	数字图像中如何检测边缘？	test/2018_面试整体情况.docx	0.6	regular	2018_面试整体情况.docx	5、函数模板和函数有什么区别？ 6、虚函数是什么？有什么作用？纯虚函数呢？纯虚函数形成的类叫什么？它有什么特殊的性质？（抽象类，不能实例化）抽象类可以定义指针吗？ 7、数图：如何检测边缘？
计算/MC - 媒体与认知	计算/MC - 媒体与认知/QUESTIONS.md	Q13	CNN 与 RNN 的区别	CNN 和 RNN 有什么区别？	test/2023-0字班推研面经-李响.pdf	0.857	regular	2023-0字班推研面经-李响.pdf	3. 怎样实现？ 4. 神经网络中出现梯度消失问题，该怎么解决？ 5.CNN 和 RNN 有什么区别？
计算/MC - 媒体与认知	计算/MC - 媒体与认知/QUESTIONS.md	Q14	目标检测的标注	分类任务的标签是什么？目标检测任务的标注又是什么？一个矩形框需要几个参数？	test/2025-二字班推研面经-wj.pdf	0.607	regular	2025-二字班推研面经-wj.pdf	彭良瑞：那如果是图像目标检测任务，标注是什么呀？ 我：就是目标所在的区域，可以用一个矩形表示。 彭良瑞：确定一个矩形需要几个参数呀？
计算/MC - 媒体与认知	计算/MC - 媒体与认知/QUESTIONS.md	Q15	RNN 的门控与 LSTM	RNN 中是否都有门控？LSTM 是什么？	test/2023-0字班推研面经-李响.pdf	0.909	regular	2023-0字班推研面经-李响.pdf	5.CNN 和 RNN 有什么区别？ 6.RNN 中是否都有门控？ 7.LSTM 是什么？
计算/MC - 媒体与认知	计算/MC - 媒体与认知/QUESTIONS.md	Q16	RNN、Transformer 与 GPU 并行	RNN 与 Transformer 有什么区别？哪个更适合在 GPU 上计算？为什么？	test/2024-一字班推研面经-zcy.docx	0.421	regular	2024-一字班推研面经-zcy.docx	什么是过拟合？怎么解决？ RNN和Transformer的区别？ C和C++中有哪些传值方式？它们有什么区别？
计算/MC - 媒体与认知	计算/MC - 媒体与认知/QUESTIONS.md	Q16	RNN、Transformer 与 GPU 并行	RNN 与 Transformer 有什么区别？哪个更适合在 GPU 上计算？为什么？	test/2024-一字班推研面经_高希钢.docx	0.842	regular	2024-一字班推研面经_高希钢.docx	不认识老师1：说说Transformer和RNN哪个更适合在GPU上计算呀？ 感觉应该是Transformer 不认识老师1：为什么呢？
计算/MC - 媒体与认知	计算/MC - 媒体与认知/QUESTIONS.md	Q17	自注意力的变量与计算	Transformer 的自注意力机制有哪些变量？怎样计算？	test/2024-一字班推研面经-吴凌沨.pdf	0.562	regular	2024-一字班推研面经-吴凌沨.pdf	4. 怎么⽤⼀个 CMOS 反相器做⼀个放⼤器？ 4计算机 1. 知道 Transformer 吗？⾃注意⼒机制有哪些变量啊？怎么算的？
计算/MC - 媒体与认知	计算/MC - 媒体与认知/QUESTIONS.md	Q18	扩散模型	知道 Diffusion model 吗？	test/2024-一字班推研面经-吴凌沨.pdf	0.667	regular	2024-一字班推研面经-吴凌沨.pdf	4. 怎么⽤⼀个 CMOS 反相器做⼀个放⼤器？ 4计算机 1. 知道 Transformer 吗？⾃注意⼒机制有哪些变量啊？怎么算的？
计算/OS - 操作系统	计算/OS - 操作系统/QUESTIONS.md	Q01	进程、线程与共享冲突	进程与线程有什么区别？如何解决进程间的冲突？	test/2020-七字班推研面经-潘美竹.docx	0.667	regular	2020-七字班推研面经-潘美竹.docx	如何实现数字电路进行字符串匹配？ 计算机组 进程与线程的区别是什么？
计算/OS - 操作系统	计算/OS - 操作系统/QUESTIONS.md	Q01	进程、线程与共享冲突	进程与线程有什么区别？如何解决进程间的冲突？	test/2020-七字班推研面经-荆峥.pdf	0.722	regular	2020-七字班推研面经-荆峥.pdf	七字班面试经历 荆峥  在2020年推免中，我计划交叉至外系读博，电子系对于校内交叉的同学基本不设限制，对于外推到外校的同学可能会存在名额限制，现在还不确定七字班的外推情况如何，往年外推基本都可以满足。 博士比较关键的是联系导师，如果导师有固定名额且确定招收你的话，面试的要求就没有那么高，但电子系读博要求面试成绩（非GPA）必须在前80%，还是要好好准备，但压力会小很多；外系交叉其实是类似的，如果拿到了博士固定名额对于面试成绩没有特别高的要求，但仍要认真准备，尤其是外系专业课
计算/OS - 操作系统	计算/OS - 操作系统/QUESTIONS.md	Q02	栈空间能否修改	能否修改系统的栈空间大小？怎样修改？	test/2017-面试经验-陈誉博.docx	0.857	regular	2017-面试经验-陈誉博.docx	你觉得能否修改系统的栈空间大小？你改过吗？ 我有点懵，说的是应该可以通过编译器的设置改变允许的栈大小，不过我自己没改过。 对于一个计算机，我在键盘上按下了一个按键，接下来计算机中的整个过程是怎样的？
计算/OS - 操作系统	计算/OS - 操作系统/QUESTIONS.md	Q03	按键之后的系统过程	在键盘上按下一个按键后，计算机中的整个过程是怎样的？	test/2017-面试经验-陈誉博.docx	0.913	regular	2017-面试经验-陈誉博.docx	你觉得能否修改系统的栈空间大小？你改过吗？ 我有点懵，说的是应该可以通过编译器的设置改变允许的栈大小，不过我自己没改过。 对于一个计算机，我在键盘上按下了一个按键，接下来计算机中的整个过程是怎样的？
计算/OS - 操作系统	计算/OS - 操作系统/QUESTIONS.md	Q04	中断及其体系结构处理	什么是中断，由谁引发，怎样处理？中断和普通程序有什么区别？MIPS 与 x86 如何处理中断，中断向量中存储什么、条目多大？	test/2018_面试整体情况.docx	0.462	regular	2018_面试整体情况.docx	7、数图：如何检测边缘？ 8、冯诺依曼体系架构和哈佛体系架构的区别？ 9、什么是中断？中断是由谁引发的？MIPS和X86各自是如何进行中断处理的？MIPS中的中断向量表里存储的是什么？数据大小多少？
计算/OS - 操作系统	计算/OS - 操作系统/QUESTIONS.md	Q04	中断及其体系结构处理	什么是中断，由谁引发，怎样处理？中断和普通程序有什么区别？MIPS 与 x86 如何处理中断，中断向量中存储什么、条目多大？	test/2020-七字班推研面经-闫雯荻.docx	0.282	regular	2020-七字班推研面经-闫雯荻.docx	4. 对于CPU而言，内设的速度相对较快，外设的速度相对较慢，如何加快外设的速度？ 5. DMA是什么？（如果数逻老师没讲可以直接说没了解过） 6. 中断是什么？如何处理的？中断和程序有什么区别？
计算/OS - 操作系统	计算/OS - 操作系统/QUESTIONS.md	Q05	轮询、中断与 DMA	CPU 与外设速度相差很大时怎样提高效率？轮询、中断和 DMA 分别是什么，有何区别？	test/2012-面经_九字班1.pdf	0.419	regular	2012-面经_九字班1.pdf	散列的特点，散列与其他相比的效率，如何提高 debug 和 release 有什么区别，哪个效率高 中断轮询和 DMA
计算/OS - 操作系统	计算/OS - 操作系统/QUESTIONS.md	Q05	轮询、中断与 DMA	CPU 与外设速度相差很大时怎样提高效率？轮询、中断和 DMA 分别是什么，有何区别？	test/2012-面经_九字班2.pdf	0.29	regular	2012-面经_九字班2.pdf	递归哪个效率高 散列的特点，散列与其他相比的效率，如何提高 debug 和release 有什么区别，哪个效率高
计算/OS - 操作系统	计算/OS - 操作系统/QUESTIONS.md	Q05	轮询、中断与 DMA	CPU 与外设速度相差很大时怎样提高效率？轮询、中断和 DMA 分别是什么，有何区别？	test/2020-七字班推研面经-闫雯荻.docx	0.29	regular	2020-七字班推研面经-闫雯荻.docx	4. 对于CPU而言，内设的速度相对较快，外设的速度相对较慢，如何加快外设的速度？ 5. DMA是什么？（如果数逻老师没讲可以直接说没了解过） 6. 中断是什么？如何处理的？中断和程序有什么区别？
计算/OS - 操作系统	计算/OS - 操作系统/QUESTIONS.md	Q06	虚拟内存及其管理	什么是虚拟内存？有哪些管理方式，怎样比较？TLB 起什么作用？	test/2012-面经_九字班1.pdf	0.591	regular	2012-面经_九字班1.pdf	虚拟内存的概念，虚拟内存的管理方式，哪一种比较好（TLB 神马的） 另外附上今年最佳问题： 孙甲松老师给了几行代码，说：”我这个代码编译没通过，你帮我看看是什么问题。。“
计算/OS - 操作系统	计算/OS - 操作系统/QUESTIONS.md	Q06	虚拟内存及其管理	什么是虚拟内存？有哪些管理方式，怎样比较？TLB 起什么作用？	test/2012-面经_九字班2.pdf	0.591	regular	2012-面经_九字班2.pdf	定长指令和变长指令 中断、轮询和 DMA 虚拟内存的概念，虚拟内存的管理方式，哪一种比较好（TLB 神马的）
计算/OS - 操作系统	计算/OS - 操作系统/QUESTIONS.md	Q07	单处理器上的多程序运行	操作系统怎样实现多个程序并行运行？单处理器能否支持并行执行，怎样实现？	test/2023-0字班推研面经-李响.pdf	0.926	regular	2023-0字班推研面经-李响.pdf	1. 操作系统是怎么实现多个程序并行运行的？ 2. 单处理器能否支持并行执行？ 3. 怎样实现？
计算/VI - 视听信息系统导论	计算/VI - 视听信息系统导论/QUESTIONS.md	Q01	音乐文件大小与听感	同样的音乐，为什么文件大的通常听起来效果更好？	test/2009-推研资料.docx	0.75	regular	2009-推研资料.docx	1. “如果拍照的时候手抖了一下怎么办”，也有人被问到底盘低和底盘高的汽车上一个台阶的区别（据说是应该往低通和高通方向扯？） 2.也有被问到和以前DSP考试差不多的题，比如DFT/FFT之类的。 3.”同样的音乐，为啥文件大的效果好”吧，我的策略是让她少发问，我多扯，于是我开始从语音压缩啊、信息缺失啊、到图像的压缩问题啊一顿胡扯。好像扯的并不是很好，于是我主动提出来了，让通信原理的人问我吧！
计算/VI - 视听信息系统导论	计算/VI - 视听信息系统导论/QUESTIONS.md	Q01	音乐文件大小与听感	同样的音乐，为什么文件大的通常听起来效果更好？	test/2012-罗华&周宇男面经.pdf	0.6	regular	2012-罗华&周宇男面经.pdf	其实我之前一直想去通信方向的，现代通信原理算是本课课程中学的最通透的一门课程了吧，暑期实习阶段与 潘长勇老师也比较熟。 一进去之后，窦老师首先发问，好像是问”同样的音乐，为啥文件大的效果好”吧，我的策略是让她少发问，
计算/VI - 视听信息系统导论	计算/VI - 视听信息系统导论/QUESTIONS.md	Q01	音乐文件大小与听感	同样的音乐，为什么文件大的通常听起来效果更好？	test/2012-面经_九字班1.pdf	0.7	regular	2012-面经_九字班1.pdf	其实我之前一直想去通信方向的，现代通信原理算是本课课程中学的最通透的一门课程了 吧，暑期实习阶段与潘长勇老师也比较熟。 一进去之后，窦老师首先发问，好像是问”同样的音乐，为啥文件大的效果好”吧，我的
计算/VI - 视听信息系统导论	计算/VI - 视听信息系统导论/QUESTIONS.md	Q01	音乐文件大小与听感	同样的音乐，为什么文件大的通常听起来效果更好？	test/2012-面经_九字班2.pdf	0.6	regular	2012-面经_九字班2.pdf	同样的音乐，为啥文件大的效果好 信道、信源中应用各种 FT 的问题 用超导的方式做了一个频谱非常接近于理想低通滤波器的滤波器，这个滤波器什么特点？
计算/VI - 视听信息系统导论	计算/VI - 视听信息系统导论/QUESTIONS.md	Q02	JPEG 的基本原理	JPEG 的原理和特点是什么？DCT、量化表和 zig-zag 扫描分别起什么作用？	test/2013-面经_零字班.pdf	0.652	regular	2013-面经_零字班.pdf	“好你走吧” 。。。我还没解释完呢。。。也不知道蒙对了没 其他的有被问到 JPEG 原理的，包括 DCT、模板量化、zig-zag 扫描等等都得答，这个
计算/VI - 视听信息系统导论	计算/VI - 视听信息系统导论/QUESTIONS.md	Q03	手抖造成的图像模糊	拍照时手抖造成模糊，怎样用系统观点描述并恢复？	test/2009-推研资料.docx	0.45	regular	2009-推研资料.docx	117、数字复接器由哪些部分组成？数字分接器由哪些部分组成？ 答：数字复接器由定时、码速调整和复接单元构成；数字分接器由同步、定时、分接和支路码速恢复单元组成。 118、关于时分复用系统，国际上的两大标准是什么？
计算/VI - 视听信息系统导论	计算/VI - 视听信息系统导论/QUESTIONS.md	Q03	手抖造成的图像模糊	拍照时手抖造成模糊，怎样用系统观点描述并恢复？	test/2012-面经_九字班2.pdf	0.25	regular	2012-面经_九字班2.pdf	【信号与系统】 LTI 系统的特征向量和特征值 “如果拍照的时候手抖了一下怎么办” ，也有人被问到底盘低和底盘高的汽车上一个台阶的
计算/VI - 视听信息系统导论	计算/VI - 视听信息系统导论/QUESTIONS.md	Q04	二维噪声与 Wiener 滤波	二维图像加入取值为 $-1$、$1$ 的噪声，能不能用 Wiener 滤波？	test/2024-一字班推研面经-高思研.pdf	0.667	regular	2024-一字班推研面经-高思研.pdf	师问我信号的特征函数是什么，我当时脑子一抽说了冲激响应，过了一会才说出是  exp(jwt) 。又有个老 师问我滤波的类型，我提到了低通高通带通和匹配滤波，然后不知道为啥扯到了维纳滤波，又提到了卡 尔曼滤波（统计信号处理）。最后  ggg 问二维图像加入  -1 ， 1 这样的噪声能不能用维纳滤波，然后时间
计算/VI - 视听信息系统导论	计算/VI - 视听信息系统导论/QUESTIONS.md	Q05	图像边缘检测	数字图像中如何检测边缘？	test/2018_面试整体情况.docx	0.6	regular	2018_面试整体情况.docx	5、函数模板和函数有什么区别？ 6、虚函数是什么？有什么作用？纯虚函数呢？纯虚函数形成的类叫什么？它有什么特殊的性质？（抽象类，不能实例化）抽象类可以定义指针吗？ 7、数图：如何检测边缘？
计算/VI - 视听信息系统导论	计算/VI - 视听信息系统导论/QUESTIONS.md	Q06	目标检测任务的标注	分类任务的标签是什么？目标检测任务的标注又是什么？一个矩形框需要几个参数？	test/2025-二字班推研面经-wj.pdf	0.607	regular	2025-二字班推研面经-wj.pdf	彭良瑞：那如果是图像目标检测任务，标注是什么呀？ 我：就是目标所在的区域，可以用一个矩形表示。 彭良瑞：确定一个矩形需要几个参数呀？
计算/VI - 视听信息系统导论	计算/VI - 视听信息系统导论/QUESTIONS.md	Q07	CNN 与 RNN 的区别	CNN 和 RNN 有什么区别？	test/2023-0字班推研面经-李响.pdf	0.857	regular	2023-0字班推研面经-李响.pdf	3. 怎样实现？ 4. 神经网络中出现梯度消失问题，该怎么解决？ 5.CNN 和 RNN 有什么区别？
计算/VI - 视听信息系统导论	计算/VI - 视听信息系统导论/QUESTIONS.md	Q08	RNN 门控与 LSTM	RNN 中是否都有门控？LSTM 是什么？	test/2023-0字班推研面经-李响.pdf	0.909	regular	2023-0字班推研面经-李响.pdf	5.CNN 和 RNN 有什么区别？ 6.RNN 中是否都有门控？ 7.LSTM 是什么？
计算/VI - 视听信息系统导论	计算/VI - 视听信息系统导论/QUESTIONS.md	Q09	RNN、Transformer 与 GPU 并行	RNN 与 Transformer 有什么区别？哪个更适合在 GPU 上计算？为什么？	test/2024-一字班推研面经-zcy.docx	0.421	regular	2024-一字班推研面经-zcy.docx	什么是过拟合？怎么解决？ RNN和Transformer的区别？ C和C++中有哪些传值方式？它们有什么区别？
计算/VI - 视听信息系统导论	计算/VI - 视听信息系统导论/QUESTIONS.md	Q09	RNN、Transformer 与 GPU 并行	RNN 与 Transformer 有什么区别？哪个更适合在 GPU 上计算？为什么？	test/2024-一字班推研面经_高希钢.docx	0.842	regular	2024-一字班推研面经_高希钢.docx	不认识老师1：说说Transformer和RNN哪个更适合在GPU上计算呀？ 感觉应该是Transformer 不认识老师1：为什么呢？
计算/VI - 视听信息系统导论	计算/VI - 视听信息系统导论/QUESTIONS.md	Q10	自注意力的变量与计算	Transformer 的自注意力机制有哪些变量？怎样计算？	test/2024-一字班推研面经-吴凌沨.pdf	0.562	regular	2024-一字班推研面经-吴凌沨.pdf	4. 怎么⽤⼀个 CMOS 反相器做⼀个放⼤器？ 4计算机 1. 知道 Transformer 吗？⾃注意⼒机制有哪些变量啊？怎么算的？
计算/VI - 视听信息系统导论	计算/VI - 视听信息系统导论/QUESTIONS.md	Q11	扩散模型	知道 Diffusion model 吗？	test/2024-一字班推研面经-吴凌沨.pdf	0.667	regular	2024-一字班推研面经-吴凌沨.pdf	4. 怎么⽤⼀个 CMOS 反相器做⼀个放⼤器？ 4计算机 1. 知道 Transformer 吗？⾃注意⼒机制有哪些变量啊？怎么算的？
